,index,Demand,DayOfWeek,DayOfWeekDemand,Product,DemandFactor,Price,Inventory,Date
0,2019-01-01,24.395,1,5,B,1.3569,14.8817,75.605,2019-01-01
1,2019-01-02,26.0426,2,5,C,1.4253,14.77,49.5624,2019-01-02
2,2019-01-03,20.3743,3,5,C,1.1207,13.0859,29.1881,2019-01-03
3,2019-01-04,24.1605,4,5,A,1.24,7.4619,5.0276,2019-01-04
4,2019-01-05,17.9114,5,-5,B,0.976,12.2371,-12.8838,2019-01-05
5,2019-01-06,14.0015,6,-5,C,0.7693,10.8928,-26.8853,2019-01-06
6,2019-01-07,23.5742,0,5,C,1.1995,9.2899,-50.4595,2019-01-07
7,2019-01-08,23.6505,1,5,A,1.1894,8.856,-74.11,2019-01-08
8,2019-01-09,25.8495,2,5,B,1.295,10.241,-99.9595,2019-01-09
9,2019-01-10,20.419,3,5,C,1.0274,9.4398,-120.3785,2019-01-10
10,2019-01-11,32.8909,4,5,C,1.6104,11.7457,-153.2694,2019-01-11
11,2019-01-12,21.7423,5,-5,A,1.0839,10.7975,-175.0117,2019-01-12
12,2019-01-13,14.7848,6,-5,B,0.7551,9.9612,-189.7965,2019-01-13
13,2019-01-14,28.6301,0,5,C,1.3863,12.0207,-218.4266,2019-01-14
14,2019-01-15,30.4845,1,5,C,1.4503,11.1234,-248.9111,2019-01-15
15,2019-01-16,27.8632,2,5,A,1.3411,13.0281,-276.7743,2019-01-16
16,2019-01-17,24.1056,3,5,B,1.1361,9.4747,-300.8799,2019-01-17
17,2019-01-18,25.7947,4,5,C,1.2263,12.3481,-326.6746,2019-01-18
18,2019-01-19,11.7552,5,-5,C,0.6426,15.8076,-338.4298,2019-01-19
19,2019-01-20,20.0175,6,-5,A,0.9754,13.91,-358.4473,2019-01-20
20,2019-01-21,23.7834,0,5,B,1.1069,11.3508,-382.2307,2019-01-21
21,2019-01-22,29.3409,1,5,C,1.3318,11.0956,-411.5716,2019-01-22
22,2019-01-23,27.1523,2,5,C,1.2358,11.654,-438.7239,2019-01-23
23,2019-01-24,28.1381,3,5,A,1.2609,10.7079,-466.862,2019-01-24
24,2019-01-25,23.277,4,5,B,1.0675,12.6294,-490.139,2019-01-25
25,2019-01-26,15.7836,5,-5,C,0.7452,11.7277,-505.9226,2019-01-26
26,2019-01-27,18.663,6,-5,C,0.8331,8.6673,-524.5856,2019-01-27
27,2019-01-28,26.6671,0,5,A,1.1601,9.5574,-551.2527,2019-01-28
28,2019-01-29,20.8366,1,5,B,0.9327,11.4092,-572.0893,2019-01-29
29,2019-01-30,27.0961,2,5,C,1.1576,8.8601,-599.1854,2019-01-30
30,2019-01-31,26.7144,3,5,C,1.1571,11.5711,-625.8998,2019-01-31
31,2019-02-01,30.296,4,5,B,1.2795,9.9537,-656.1958,2019-02-01
32,2019-02-02,12.6299,5,-5,C,0.6015,13.1765,-668.8257,2019-02-02
33,2019-02-03,17.8704,6,-5,C,0.7667,8.4901,-686.6961,2019-02-03
34,2019-02-04,22.9223,0,5,A,1.0017,13.9407,-709.6184,2019-02-04
35,2019-02-05,35.7472,1,5,B,1.4619,9.9128,-745.3656,2019-02-05
36,2019-02-06,30.4319,2,5,C,1.2537,10.4913,-775.7975,2019-02-06
37,2019-02-07,26.9377,3,5,C,1.1091,9.9589,-802.7352,2019-02-07
38,2019-02-08,27.3423,4,5,A,1.1114,8.9932,-830.0775,2019-02-08
39,2019-02-09,19.8915,5,-5,B,0.8653,14.5603,-849.969,2019-02-09
40,2019-02-10,15.7763,6,-5,C,0.651,7.3315,-865.7453,2019-02-10
41,2019-02-11,32.9746,0,5,C,1.3043,8.6997,-898.7199,2019-02-11
42,2019-02-12,30.1498,1,5,A,1.2264,13.2439,-928.8697,2019-02-12
43,2019-02-13,26.4434,2,5,B,1.0573,9.83,-955.3131,2019-02-13
44,2019-02-14,29.2541,3,5,C,1.1783,12.7744,-984.5672,2019-02-14
45,2019-02-15,31.4107,4,5,C,1.2354,10.4396,-1015.9779,2019-02-15
46,2019-02-16,21.2693,5,-5,A,0.8676,11.8005,-1037.2472,2019-02-16
47,2019-02-17,21.3788,6,-5,B,0.8742,12.676,-1058.626,2019-02-17
48,2019-02-18,29.5148,0,5,C,1.1371,8.6016,-1088.1408,2019-02-18
49,2019-02-19,29.6593,1,5,C,1.1477,9.985,-1117.8001,2019-02-19
50,2019-02-20,34.5633,2,5,A,1.334,11.9032,-1152.3634,2019-02-20
51,2019-02-21,31.5616,3,5,B,1.2152,11.1294,-1183.925,2019-02-21
52,2019-02-22,32.7414,4,5,C,1.238,9.0536,-1216.6664,2019-02-22
53,2019-02-23,19.739,5,-5,C,0.7877,11.641,-1236.4054,2019-02-23
54,2019-02-24,19.271,6,-5,A,0.767,11.4635,-1255.6764,2019-02-24
55,2019-02-25,31.6298,0,5,B,1.2097,12.5121,-1287.3062,2019-02-25
56,2019-02-26,26.8796,1,5,C,1.0279,11.111,-1314.1858,2019-02-26
57,2019-02-27,30.1982,2,5,C,1.1396,10.8689,-1344.384,2019-02-27
58,2019-02-28,33.0787,3,5,A,1.2347,10.5351,-1377.4627,2019-02-28
59,2019-03-01,38.0259,4,5,B,1.4144,12.0426,-1415.4886,2019-03-01
60,2019-03-02,18.8606,5,-5,C,0.74,11.7908,-1434.3492,2019-03-02
61,2019-03-03,23.0551,6,-5,C,0.8813,11.446,-1457.4043,2019-03-03
62,2019-03-04,28.2476,0,5,A,1.064,12.1922,-1485.6519,2019-03-04
63,2019-03-05,31.6753,1,5,B,1.1789,12.0919,-1517.3272,2019-03-05
64,2019-03-06,32.2179,2,5,C,1.1988,12.7189,-1549.5451,2019-03-06
65,2019-03-07,32.2662,3,5,C,1.197,12.6599,-1581.8113,2019-03-07
66,2019-03-08,37.7448,4,5,A,1.3788,12.1749,-1619.5561,2019-03-08
67,2019-03-09,20.397,5,-5,B,0.7667,9.995,-1639.9531,2019-03-09
68,2019-03-10,23.1473,6,-5,C,0.8697,11.5738,-1663.1004,2019-03-10
69,2019-03-11,31.7536,0,5,C,1.1482,9.6624,-1694.854,2019-03-11
70,2019-03-12,33.0064,1,5,A,1.1992,11.2462,-1727.8604,2019-03-12
71,2019-03-13,32.2973,2,5,B,1.1718,11.0899,-1760.1577,2019-03-13
72,2019-03-14,32.7089,3,5,C,1.1982,13.2596,-1792.8666,2019-03-14
73,2019-03-15,30.6098,4,5,C,1.1038,10.1041,-1823.4764,2019-03-15
74,2019-03-16,23.9094,5,-5,A,0.8815,10.9654,-1847.3858,2019-03-16
75,2019-03-17,28.3889,6,-5,B,1.0529,14.1929,-1875.7747,2019-03-17
76,2019-03-18,34.8091,0,5,C,1.2192,7.0107,-1910.5838,2019-03-18
77,2019-03-19,35.5135,1,5,C,1.2686,11.0728,-1946.0973,2019-03-19
78,2019-03-20,34.9343,2,5,A,1.248,11.1512,-1981.0316,2019-03-20
79,2019-03-21,28.334,3,5,B,1.0319,12.1468,-2009.3656,2019-03-21
80,2019-03-22,31.9715,4,5,C,1.1525,12.1288,-2041.3371,2019-03-22
81,2019-03-23,22.4286,5,-5,C,0.8108,8.9607,-2063.7657,2019-03-23
82,2019-03-24,20.9632,6,-5,A,0.7776,11.4372,-2084.7289,2019-03-24
83,2019-03-25,30.0668,0,5,B,1.0981,13.9557,-2114.7957,2019-03-25
84,2019-03-26,31.5609,1,5,C,1.112,8.6779,-2146.3566,2019-03-26
85,2019-03-27,33.7149,2,5,C,1.2175,13.7977,-2180.0715,2019-03-27
86,2019-03-28,30.0596,3,5,A,1.0581,8.2716,-2210.1311,2019-03-28
87,2019-03-29,29.8413,4,5,B,1.0721,11.5255,-2239.9724,2019-03-29
88,2019-03-30,22.4451,5,-5,C,0.7829,5.1764,-2262.4175,2019-03-30
89,2019-03-31,24.5391,6,-5,C,0.8793,9.1869,-2286.9566,2019-03-31
90,2019-04-01,34.1895,0,5,B,1.1834,6.5585,-2321.1461,2019-04-01
91,2019-04-02,35.4166,1,5,C,1.2458,9.7882,-2356.5627,2019-04-02
92,2019-04-03,29.7933,2,5,C,1.0817,13.2619,-2386.356,2019-04-03
93,2019-04-04,30.6981,3,5,A,1.1116,13.1938,-2417.0541,2019-04-04
94,2019-04-05,33.0667,4,5,B,1.1493,6.9402,-2450.1208,2019-04-05
95,2019-04-06,22.9612,5,-5,C,0.8367,10.5575,-2473.082,2019-04-06
96,2019-04-07,26.2677,6,-5,C,0.9573,12.0293,-2499.3497,2019-04-07
97,2019-04-08,37.898,0,5,A,1.3308,9.6836,-2537.2477,2019-04-08
98,2019-04-09,33.8587,1,5,B,1.1979,9.8657,-2571.1064,2019-04-09
99,2019-04-10,28.7446,2,5,C,1.0525,13.5486,-2599.851,2019-04-10
100,2019-04-11,37.0735,3,5,C,1.2927,7.6271,-2636.9245,2019-04-11
101,2019-04-12,35.2674,4,5,A,1.2444,9.2565,-2672.1919,2019-04-12
102,2019-04-13,24.7639,5,-5,B,0.91,11.7531,-2696.9558,2019-04-13
103,2019-04-14,27.0978,6,-5,C,0.9856,11.1727,-2724.0536,2019-04-14
104,2019-04-15,29.5595,0,5,C,1.0735,11.7302,-2753.6131,2019-04-15
105,2019-04-16,33.2284,1,5,A,1.2067,12.9248,-2786.8415,2019-04-16
106,2019-04-17,34.703,2,5,B,1.2724,15.0206,-2821.5445,2019-04-17
107,2019-04-18,22.4822,3,5,C,0.8376,11.4945,-2844.0267,2019-04-18
108,2019-04-19,31.9699,4,5,C,1.1454,9.3136,-2875.9966,2019-04-19
109,2019-04-20,20.5103,5,-5,A,0.7479,7.7014,-2896.5069,2019-04-20
110,2019-04-21,22.6652,6,-5,B,0.8226,7.7127,-2919.1721,2019-04-21
111,2019-04-22,28.4107,0,5,C,1.0376,10.3134,-2947.5828,2019-04-22
112,2019-04-23,39.9686,1,5,C,1.4599,14.0785,-2987.5514,2019-04-23
113,2019-04-24,35.7462,2,5,A,1.2797,8.3807,-3023.2976,2019-04-24
114,2019-04-25,28.0597,3,5,B,1.034,10.5347,-3051.3573,2019-04-25
115,2019-04-26,32.8125,4,5,C,1.2218,13.746,-3084.1698,2019-04-26
116,2019-04-27,23.07,5,-5,C,0.8611,9.6522,-3107.2398,2019-04-27
117,2019-04-28,17.442,6,-5,A,0.6745,10.4504,-3124.6818,2019-04-28
118,2019-04-29,32.7641,0,5,B,1.2154,11.6864,-3157.4459,2019-04-29
119,2019-04-30,30.6874,1,5,C,1.135,10.002,-3188.1333,2019-04-30
120,2019-05-01,32.5704,2,5,B,1.2079,10.5914,-3220.7037,2019-05-01
121,2019-05-02,30.9559,3,5,C,1.1806,14.2385,-3251.6596,2019-05-02
122,2019-05-03,30.1513,4,5,C,1.1268,10.0592,-3281.8109,2019-05-03
123,2019-05-04,21.5228,5,-5,A,0.828,10.1775,-3303.3337,2019-05-04
124,2019-05-05,20.9606,6,-5,B,0.8096,10.001,-3324.2943,2019-05-05
125,2019-05-06,34.791,0,5,C,1.3036,10.2622,-3359.0853,2019-05-06
126,2019-05-07,32.0015,1,5,C,1.2235,12.2964,-3391.0868,2019-05-07
127,2019-05-08,33.9019,2,5,A,1.2942,12.098,-3424.9887,2019-05-08
128,2019-05-09,32.4567,3,5,B,1.2377,10.7594,-3457.4454,2019-05-09
129,2019-05-10,25.4585,4,5,C,0.9742,8.4003,-3482.9039,2019-05-10
130,2019-05-11,18.5509,5,-5,C,0.7288,8.3615,-3501.4548,2019-05-11
131,2019-05-12,16.6727,6,-5,A,0.6798,10.5767,-3518.1275,2019-05-12
132,2019-05-13,29.7917,0,5,B,1.1462,8.8027,-3547.9192,2019-05-13
133,2019-05-14,28.0535,1,5,C,1.1346,15.2372,-3575.9727,2019-05-14
134,2019-05-15,58.7525,2,5,C,2.2198,9.1881,-3634.7252,2019-05-15
135,2019-05-16,54.3916,3,5,A,2.0988,13.2358,-3689.1168,2019-05-16
136,2019-05-17,58.3396,4,5,B,2.226,9.4345,-3747.4564,2019-05-17
137,2019-05-18,45.9176,5,-5,C,1.7933,11.9089,-3793.374,2019-05-18
138,2019-05-19,45.3671,6,-5,C,1.7655,9.8036,-3838.7411,2019-05-19
139,2019-05-20,48.4636,0,5,A,1.9073,12.125,-3887.2047,2019-05-20
140,2019-05-21,57.8558,1,5,B,2.293,15.1359,-3945.0605,2019-05-21
141,2019-05-22,58.2438,2,5,C,2.2767,9.5367,-4003.3043,2019-05-22
142,2019-05-23,53.911,3,5,C,2.1389,11.5791,-4057.2153,2019-05-23
143,2019-05-24,48.5704,4,5,A,1.9581,13.2008,-4105.7857,2019-05-24
144,2019-05-25,40.3601,5,-5,B,1.6356,10.9566,-4146.1458,2019-05-25
145,2019-05-26,24.7677,6,-5,C,1.0523,12.3175,-4170.9135,2019-05-26
146,2019-05-27,28.0807,0,5,C,1.2032,14.4313,-4198.9942,2019-05-27
147,2019-05-28,24.3445,1,5,A,1.0207,8.9019,-4223.3387,2019-05-28
148,2019-05-29,32.7841,2,5,B,1.3776,11.3931,-4256.1228,2019-05-29
149,2019-05-30,26.8686,3,5,C,1.1513,11.3406,-4282.9914,2019-05-30
150,2019-05-31,29.3482,4,5,C,1.2347,8.5939,-4312.3396,2019-05-31
151,2019-06-01,17.823,5,-5,B,0.828,14.4349,-4330.1626,2019-06-01
152,2019-06-02,21.0812,6,-5,C,0.9303,10.2395,-4351.2438,2019-06-02
153,2019-06-03,29.8925,0,5,C,1.273,7.8244,-4381.1363,2019-06-03
154,2019-06-04,28.3008,1,5,A,1.2539,12.4746,-4409.4371,2019-06-04
155,2019-06-05,25.4603,2,5,B,1.1077,7.8669,-4434.8974,2019-06-05
156,2019-06-06,25.134,3,5,C,1.135,11.9527,-4460.0314,2019-06-06
157,2019-06-07,23.8519,4,5,C,1.0973,12.9311,-4483.8833,2019-06-07
158,2019-06-08,16.662,5,-5,A,0.8122,13.8926,-4500.5453,2019-06-08
159,2019-06-09,17.7509,6,-5,B,0.8252,9.3467,-4518.2962,2019-06-09
160,2019-06-10,22.8584,0,5,C,1.064,11.3525,-4541.1546,2019-06-10
161,2019-06-11,22.3894,1,5,C,1.0705,13.6054,-4563.544,2019-06-11
162,2019-06-12,24.7401,2,5,A,1.14,9.0729,-4588.2841,2019-06-12
163,2019-06-13,27.7364,3,5,B,1.28,9.3575,-4616.0205,2019-06-13
164,2019-06-14,26.6715,4,5,C,1.2607,11.4122,-4642.692,2019-06-14
165,2019-06-15,17.2386,5,-5,C,0.8366,9.1838,-4659.9306,2019-06-15
166,2019-06-16,14.8605,6,-5,A,0.7497,10.5487,-4674.7911,2019-06-16
167,2019-06-17,27.8824,0,5,B,1.3312,10.1522,-4702.6735,2019-06-17
168,2019-06-18,28.7821,1,5,C,1.3719,9.0788,-4731.4556,2019-06-18
169,2019-06-19,25.1324,2,5,C,1.2426,11.8628,-4756.588,2019-06-19
170,2019-06-20,24.0329,3,5,A,1.1976,11.371,-4780.6209,2019-06-20
171,2019-06-21,25.0053,4,5,B,1.2552,11.7785,-4805.6262,2019-06-21
172,2019-06-22,12.1663,5,-5,C,0.682,12.9171,-4817.7925,2019-06-22
173,2019-06-23,16.2202,6,-5,C,0.8508,10.1809,-4834.0127,2019-06-23
174,2019-06-24,19.97,0,5,A,1.0486,11.7622,-4853.9827,2019-06-24
175,2019-06-25,22.9401,1,5,B,1.1656,8.3665,-4876.9228,2019-06-25
176,2019-06-26,19.1525,2,5,C,1.0364,12.7775,-4896.0753,2019-06-26
177,2019-06-27,19.3571,3,5,C,1.027,9.892,-4915.4324,2019-06-27
178,2019-06-28,25.5256,4,5,A,1.3304,9.4182,-4940.958,2019-06-28
179,2019-06-29,13.988,5,-5,B,0.8019,11.9766,-4954.946,2019-06-29
180,2019-06-30,12.1192,6,-5,C,0.7288,13.2275,-4967.0652,2019-06-30
181,2019-07-01,25.115,0,5,B,1.3419,9.1886,-4992.1802,2019-07-01
182,2019-07-02,23.8853,1,5,C,1.307,10.7146,-5016.0655,2019-07-02
183,2019-07-03,25.0867,2,5,C,1.3964,12.4083,-5041.1522,2019-07-03
184,2019-07-04,19.6094,3,5,A,1.1403,13.5271,-5060.7616,2019-07-04
185,2019-07-05,21.9732,4,5,B,1.2637,12.7014,-5082.7348,2019-07-05
186,2019-07-06,10.4361,5,-5,C,0.6918,14.3216,-5093.1709,2019-07-06
187,2019-07-07,9.0361,6,-5,C,0.5996,11.9446,-5102.207,2019-07-07
188,2019-07-08,18.9893,0,5,A,1.1272,11.4765,-5121.1963,2019-07-08
189,2019-07-09,24.5505,1,5,B,1.4233,10.4119,-5145.7468,2019-07-09
190,2019-07-10,16.247,2,5,C,0.9832,9.9216,-5161.9938,2019-07-10
191,2019-07-11,25.9639,3,5,C,1.5416,11.7932,-5187.9577,2019-07-11
192,2019-07-12,17.2549,4,5,A,1.0738,11.451,-5205.2126,2019-07-12
193,2019-07-13,9.745,5,-5,B,0.6421,9.1674,-5214.9576,2019-07-13
194,2019-07-14,14.423,6,-5,C,0.954,13.0967,-5229.3806,2019-07-14
195,2019-07-15,20.1121,0,5,C,1.2923,13.7837,-5249.4927,2019-07-15
196,2019-07-16,18.5431,1,5,A,1.1913,11.7039,-5268.0358,2019-07-16
197,2019-07-17,17.0698,2,5,B,1.0912,9.3813,-5285.1056,2019-07-17
198,2019-07-18,19.9273,3,5,C,1.3026,12.3686,-5305.0329,2019-07-18
199,2019-07-19,22.6287,4,5,C,1.4876,13.5508,-5327.6616,2019-07-19
200,2019-07-20,12.5082,5,-5,A,0.8966,13.0798,-5340.1698,2019-07-20
201,2019-07-21,15.1516,6,-5,B,1.0832,14.7189,-5355.3214,2019-07-21
202,2019-07-22,14.8238,0,5,C,1.0084,9.2979,-5370.1452,2019-07-22
203,2019-07-23,18.2751,1,5,C,1.2723,12.8447,-5388.4203,2019-07-23
204,2019-07-24,18.466,2,5,A,1.2621,10.0449,-5406.8863,2019-07-24
205,2019-07-25,20.4068,3,5,B,1.3889,9.527,-5427.2931,2019-07-25
206,2019-07-26,26.0406,4,5,C,1.7569,9.5231,-5453.3337,2019-07-26
207,2019-07-27,13.0439,5,-5,C,0.9635,10.6596,-5466.3776,2019-07-27
208,2019-07-28,9.3706,6,-5,A,0.728,9.9148,-5475.7482,2019-07-28
209,2019-07-29,16.9744,0,5,B,1.261,12.4816,-5492.7226,2019-07-29
210,2019-07-30,21.1904,1,5,C,1.4853,7.5906,-5513.913,2019-07-30
211,2019-07-31,22.1804,2,5,C,1.5667,7.6734,-5536.0934,2019-07-31
212,2019-08-01,13.1786,3,5,B,1.0516,12.9128,-5549.272,2019-08-01
213,2019-08-02,16.3265,4,5,C,1.2559,11.5525,-5565.5985,2019-08-02
214,2019-08-03,10.6093,5,-5,C,0.8834,11.8547,-5576.2078,2019-08-03
215,2019-08-04,10.4578,6,-5,A,0.8699,10.9842,-5586.6656,2019-08-04
216,2019-08-05,16.1585,0,5,B,1.3074,13.3663,-5602.8241,2019-08-05
217,2019-08-06,12.8563,1,5,C,1.0626,11.4908,-5615.6804,2019-08-06
218,2019-08-07,16.3099,2,5,C,1.2937,9.7961,-5631.9903,2019-08-07
219,2019-08-08,18.9623,3,5,A,1.4788,8.5845,-5650.9526,2019-08-08
220,2019-08-09,16.3382,4,5,B,1.3443,11.3824,-5667.2908,2019-08-09
221,2019-08-10,5.6841,5,-5,C,0.6073,13.215,-5672.9749,2019-08-10
222,2019-08-11,2.1313,6,-5,C,0.2852,8.7098,-5675.1062,2019-08-11
223,2019-08-12,15.8806,0,5,A,1.3138,8.9412,-5690.9868,2019-08-12
224,2019-08-13,17.7944,1,5,B,1.5428,13.7766,-5708.7812,2019-08-13
225,2019-08-14,16.8572,2,5,C,1.4797,13.3162,-5725.6384,2019-08-14
226,2019-08-15,18.0092,3,5,C,1.573,12.7276,-5743.6476,2019-08-15
227,2019-08-16,14.3157,4,5,A,1.267,10.4246,-5757.9633,2019-08-16
228,2019-08-17,4.2294,5,-5,B,0.4375,6.9058,-5762.1927,2019-08-17
229,2019-08-18,6.2334,6,-5,C,0.6598,10.7469,-5768.4261,2019-08-18
230,2019-08-19,10.9522,0,5,C,1.047,11.1333,-5779.3783,2019-08-19
231,2019-08-20,17.2984,1,5,A,1.574,11.6709,-5796.6767,2019-08-20
232,2019-08-21,13.2352,2,5,B,1.2785,12.8428,-5809.9119,2019-08-21
233,2019-08-22,13.1053,3,5,C,1.2714,12.3528,-5823.0172,2019-08-22
234,2019-08-23,16.8389,4,5,C,1.5438,9.5406,-5839.8561,2019-08-23
235,2019-08-24,0.0344,5,-5,A,0.1508,8.9028,-5839.8905,2019-08-24
236,2019-08-25,7.225,6,-5,B,0.7538,8.8588,-5847.1155,2019-08-25
237,2019-08-26,11.6727,0,5,C,1.2104,13.261,-5858.7882,2019-08-26
238,2019-08-27,12.7465,1,5,C,1.3215,13.8181,-5871.5347,2019-08-27
239,2019-08-28,12.2903,2,5,A,1.2573,11.7259,-5883.825,2019-08-28
240,2019-08-29,12.1314,3,5,B,1.248,11.398,-5895.9564,2019-08-29
241,2019-08-30,6.7725,4,5,C,0.7341,8.1893,-5902.7289,2019-08-30
242,2019-08-31,5.3011,5,-5,C,0.6025,7.7401,-5908.03,2019-08-31
243,2019-09-01,3.7993,6,-5,B,0.5289,10.8422,-5911.8293,2019-09-01
244,2019-09-02,15.9565,0,5,C,1.6432,12.2364,-5927.7858,2019-09-02
245,2019-09-03,15.7664,1,5,C,1.5679,8.3382,-5943.5522,2019-09-03
246,2019-09-04,13.1023,2,5,A,1.3924,11.36,-5956.6545,2019-09-04
247,2019-09-05,13.3355,3,5,B,1.4828,14.6289,-5969.99,2019-09-05
248,2019-09-06,14.8864,4,5,C,1.5872,12.0223,-5984.8764,2019-09-06
249,2019-09-07,-4.9472,5,-5,C,-0.2733,9.9455,-5979.9292,2019-09-07
250,2019-09-08,4.3694,6,-5,A,0.6853,15.0135,-5984.2986,2019-09-08
251,2019-09-09,15.1024,0,5,B,1.6198,11.0863,-5999.401,2019-09-09
252,2019-09-10,13.2612,1,5,C,1.4757,12.1354,-6012.6622,2019-09-10
253,2019-09-11,13.3077,2,5,C,1.3937,7.136,-6025.9699,2019-09-11
254,2019-09-12,17.6845,3,5,A,1.8214,7.3506,-6043.6544,2019-09-12
255,2019-09-13,19.1707,4,5,B,2.0427,11.0118,-6062.8251,2019-09-13
256,2019-09-14,7.9399,5,-5,C,1.0015,12.4428,-6070.765,2019-09-14
257,2019-09-15,2.7902,6,-5,C,0.443,9.0094,-6073.5552,2019-09-15
258,2019-09-16,12.327,0,5,A,1.3606,8.5746,-6085.8822,2019-09-16
259,2019-09-17,11.9574,1,5,B,1.4426,14.3522,-6097.8396,2019-09-17
260,2019-09-18,13.2043,2,5,C,1.4967,10.6109,-6111.0439,2019-09-18
261,2019-09-19,8.4109,3,5,C,1.1485,16.5429,-6119.4548,2019-09-19
262,2019-09-20,14.9347,4,5,A,1.7362,13.6164,-6134.3895,2019-09-20
263,2019-09-21,3.8632,5,-5,B,0.4894,5.4986,-6138.2527,2019-09-21
264,2019-09-22,-0.9561,6,-5,C,0.1601,12.8744,-6137.2966,2019-09-22
265,2019-09-23,11.4926,0,5,C,1.3325,9.7566,-6148.7892,2019-09-23
266,2019-09-24,15.0479,1,5,A,1.7764,14.1789,-6163.8371,2019-09-24
267,2019-09-25,13.3452,2,5,B,1.6311,15.226,-6177.1823,2019-09-25
268,2019-09-26,9.7393,3,5,C,1.2331,13.164,-6186.9216,2019-09-26
269,2019-09-27,12.3202,4,5,C,1.448,10.9514,-6199.2418,2019-09-27
270,2019-09-28,3.7596,5,-5,A,0.5437,8.4152,-6203.0014,2019-09-28
271,2019-09-29,5.6256,6,-5,B,0.7547,9.6239,-6208.627,2019-09-29
272,2019-09-30,16.8364,0,5,C,1.9124,11.4479,-6225.4634,2019-09-30
273,2019-10-01,15.6968,1,5,B,1.798,11.4186,-6241.1602,2019-10-01
274,2019-10-02,12.7769,2,5,C,1.5097,11.619,-6253.9371,2019-10-02
275,2019-10-03,11.3492,3,5,C,1.3546,11.0343,-6265.2863,2019-10-03
276,2019-10-04,7.9993,4,5,A,1.0062,10.39,-6273.2856,2019-10-04
277,2019-10-05,-0.3327,5,-5,B,0.2088,12.1326,-6272.9529,2019-10-05
278,2019-10-06,-1.0849,6,-5,C,0.0486,7.8642,-6271.868,2019-10-06
279,2019-10-07,16.0418,0,5,C,1.8015,10.3861,-6287.9098,2019-10-07
280,2019-10-08,7.1713,1,5,A,0.9406,11.5416,-6295.0811,2019-10-08
281,2019-10-09,11.7344,2,5,B,1.4222,13.1543,-6306.8155,2019-10-09
282,2019-10-10,8.4275,3,5,C,1.1167,14.4029,-6315.243,2019-10-10
283,2019-10-11,17.5743,4,5,C,1.9389,10.5777,-6332.8173,2019-10-11
284,2019-10-12,8.545,5,-5,A,0.997,8.0554,-6341.3623,2019-10-12
285,2019-10-13,9.2644,6,-5,B,1.1472,12.3094,-6350.6267,2019-10-13
286,2019-10-14,13.225,0,5,C,1.4517,8.3412,-6363.8517,2019-10-14
287,2019-10-15,14.3616,1,5,C,1.6624,13.798,-6378.2133,2019-10-15
288,2019-10-16,14.5961,2,5,A,1.6059,10.065,-6392.8094,2019-10-16
289,2019-10-17,10.7965,3,5,B,1.2165,9.2065,-6403.6059,2019-10-17
290,2019-10-18,11.9022,4,5,C,1.2875,7.6792,-6415.5081,2019-10-18
291,2019-10-19,1.081,5,-5,C,0.3193,11.3417,-6416.5891,2019-10-19
292,2019-10-20,1.106,6,-5,A,0.3072,10.6656,-6417.6951,2019-10-20
293,2019-10-21,8.7504,0,5,B,1.0448,11.6299,-6426.4455,2019-10-21
294,2019-10-22,13.8744,1,5,C,1.5014,10.6635,-6440.3199,2019-10-22
295,2019-10-23,10.5537,2,5,C,1.2013,11.6499,-6450.8736,2019-10-23
296,2019-10-24,11.105,3,5,A,1.1875,8.5436,-6461.9786,2019-10-24
297,2019-10-25,15.0267,4,5,B,1.5427,8.6232,-6477.0053,2019-10-25
298,2019-10-26,-2.1498,5,-5,C,-0.0452,8.2813,-6474.8555,2019-10-26
299,2019-10-27,2.3145,6,-5,C,0.3866,9.6971,-6477.17,2019-10-27
300,2019-10-28,14.1891,0,5,A,1.5136,12.9102,-6491.3591,2019-10-28
301,2019-10-29,18.5765,1,5,B,1.8409,9.8314,-6509.9356,2019-10-29
302,2019-10-30,10.0517,2,5,C,1.0253,7.3667,-6519.9873,2019-10-30
303,2019-10-31,14.6412,3,5,C,1.5131,12.4768,-6534.6285,2019-10-31
304,2019-11-01,14.1631,4,5,B,1.4629,12.66,-6548.7916,2019-11-01
305,2019-11-02,1.8359,5,-5,C,0.3894,13.2126,-6550.6275,2019-11-02
306,2019-11-03,1.4199,6,-5,C,0.3232,11.6375,-6552.0474,2019-11-03
307,2019-11-04,12.8223,0,5,A,1.2974,11.7125,-6564.8697,2019-11-04
308,2019-11-05,16.4793,1,5,B,1.5231,7.3563,-6581.349,2019-11-05
309,2019-11-06,15.9532,2,5,C,1.5084,9.8702,-6597.3022,2019-11-06
310,2019-11-07,9.1141,3,5,C,0.9608,12.0146,-6606.4163,2019-11-07
311,2019-11-08,20.0236,4,5,A,1.8613,12.4022,-6626.4399,2019-11-08
312,2019-11-09,5.5777,5,-5,B,0.6008,8.7534,-6632.0176,2019-11-09
313,2019-11-10,2.1161,6,-5,C,0.3548,11.2485,-6634.1337,2019-11-10
314,2019-11-11,17.4299,0,5,C,1.5475,8.9246,-6651.5636,2019-11-11
315,2019-11-12,17.7562,1,5,A,1.6492,14.5431,-6669.3198,2019-11-12
316,2019-11-13,14.6277,2,5,B,1.3382,11.4762,-6683.9475,2019-11-13
317,2019-11-14,9.0825,3,5,C,0.8743,10.386,-6693.03,2019-11-14
318,2019-11-15,15.279,4,5,C,1.3691,11.7991,-6708.309,2019-11-15
319,2019-11-16,6.7685,5,-5,A,0.6683,9.616,-6715.0775,2019-11-16
320,2019-11-17,9.0032,6,-5,B,0.8219,8.938,-6724.0807,2019-11-17
321,2019-11-18,12.8711,0,5,C,1.1988,15.1016,-6736.9518,2019-11-18
322,2019-11-19,17.7004,1,5,C,1.5333,14.1006,-6754.6522,2019-11-19
323,2019-11-20,17.2134,2,5,A,1.4759,13.6545,-6771.8656,2019-11-20
324,2019-11-21,14.1307,3,5,B,1.2196,12.5586,-6785.9963,2019-11-21
325,2019-11-22,14.5378,4,5,C,1.2266,11.8193,-6800.5341,2019-11-22
326,2019-11-23,5.1926,5,-5,C,0.46,6.0388,-6805.7267,2019-11-23
327,2019-11-24,7.3811,6,-5,A,0.7102,12.9959,-6813.1078,2019-11-24
328,2019-11-25,13.202,0,5,B,1.1072,12.5546,-6826.3098,2019-11-25
329,2019-11-26,18.6728,1,5,C,1.3948,6.5958,-6844.9826,2019-11-26
330,2019-11-27,16.9939,2,5,C,1.3547,13.0838,-6861.9765,2019-11-27
331,2019-11-28,13.4286,3,5,A,1.1408,16.2461,-6875.4051,2019-11-28
332,2019-11-29,22.1944,4,5,B,1.6855,13.4637,-6897.5995,2019-11-29
333,2019-11-30,6.3351,5,-5,C,0.549,9.2585,-6903.9346,2019-11-30
334,2019-12-01,3.7893,6,-5,B,0.3424,6.8433,-6907.7239,2019-12-01
335,2019-12-02,18.7293,0,5,C,1.3776,11.1394,-6926.4532,2019-12-02
336,2019-12-03,20.044,1,5,C,1.4512,11.2664,-6946.4972,2019-12-03
337,2019-12-04,18.1377,2,5,A,1.3127,11.1648,-6964.6349,2019-12-04
338,2019-12-05,17.7193,3,5,B,1.2984,13.1494,-6982.3542,2019-12-05
339,2019-12-06,15.1114,4,5,C,1.1283,13.7407,-6997.4656,2019-12-06
340,2019-12-07,5.5616,5,-5,C,0.4268,6.3015,-7003.0272,2019-12-07
341,2019-12-08,1.0928,6,-5,A,0.2033,10.9494,-7004.12,2019-12-08
342,2019-12-09,19.6973,0,5,B,1.3516,11.6899,-7023.8173,2019-12-09
343,2019-12-10,17.9901,1,5,C,1.2097,9.6251,-7041.8074,2019-12-10
344,2019-12-11,21.6531,2,5,C,1.3901,7.2887,-7063.4605,2019-12-11
345,2019-12-12,22.6736,3,5,A,1.4623,9.3685,-7086.1341,2019-12-12
346,2019-12-13,17.0192,4,5,B,1.1369,11.2595,-7103.1533,2019-12-13
347,2019-12-14,7.3055,5,-5,C,0.5704,12.2879,-7110.4588,2019-12-14
348,2019-12-15,7.9333,6,-5,C,0.5578,8.5297,-7118.3921,2019-12-15
349,2019-12-16,16.6454,0,5,A,1.0922,12.0481,-7135.0375,2019-12-16
350,2019-12-17,14.4829,1,5,B,0.9551,11.6974,-7149.5204,2019-12-17
351,2019-12-18,22.8045,2,5,C,1.4047,10.8571,-7172.3249,2019-12-18
352,2019-12-19,19.6971,3,5,C,1.2214,11.1305,-7192.022,2019-12-19
353,2019-12-20,23.4401,4,5,A,1.3856,8.3172,-7215.4621,2019-12-20
354,2019-12-21,9.8415,5,-5,B,0.6277,8.1863,-7225.3036,2019-12-21
355,2019-12-22,16.144,6,-5,C,0.9846,10.1427,-7241.4476,2019-12-22
356,2019-12-23,21.0892,0,5,C,1.2756,13.3576,-7262.5368,2019-12-23
357,2019-12-24,19.0457,1,5,A,1.1385,11.7822,-7281.5825,2019-12-24
358,2019-12-25,49.077,2,5,B,2.6991,10.6099,-7330.6595,2019-12-25
359,2019-12-26,24.9952,3,5,C,1.4208,10.9945,-7355.6547,2019-12-26
360,2019-12-27,26.9432,4,5,C,1.4972,9.8558,-7382.5979,2019-12-27
361,2019-12-28,9.417,5,-5,A,0.6479,16.0315,-7392.0149,2019-12-28
362,2019-12-29,11.9468,6,-5,B,0.7028,9.3389,-7403.9617,2019-12-29
363,2019-12-30,24.1143,0,5,C,1.3434,12.6121,-7428.076,2019-12-30
364,2019-12-31,18.1193,1,5,C,1.0212,11.5223,-7446.1953,2019-12-31
365,2020-01-01,47.0254,2,5,B,2.4276,9.7184,-7493.2207,2020-01-01
366,2020-01-02,26.181,3,5,C,1.3678,8.2248,-7519.4017,2020-01-02
367,2020-01-03,25.3286,4,5,C,1.3223,8.9947,-7544.7303,2020-01-03
368,2020-01-04,11.0486,5,-5,A,0.6662,13.6714,-7555.7789,2020-01-04
369,2020-01-05,19.4941,6,-5,B,1.0538,12.4396,-7575.273,2020-01-05
370,2020-01-06,19.0936,0,5,C,1.0281,12.6412,-7594.3666,2020-01-06
371,2020-01-07,25.8305,1,5,C,1.3102,9.7453,-7620.1971,2020-01-07
372,2020-01-08,26.6359,2,5,A,1.3451,10.5626,-7646.833,2020-01-08
373,2020-01-09,24.6001,3,5,B,1.2457,11.1827,-7671.4331,2020-01-09
374,2020-01-10,23.3826,4,5,C,1.197,13.0357,-7694.8157,2020-01-10
375,2020-01-11,20.0619,5,-5,C,0.9987,8.9548,-7714.8776,2020-01-11
376,2020-01-12,16.3023,6,-5,A,0.7994,6.6312,-7731.1799,2020-01-12
377,2020-01-13,21.4312,0,5,B,1.0441,8.8402,-7752.6111,2020-01-13
378,2020-01-14,23.723,1,5,C,1.1543,10.5924,-7776.3341,2020-01-14
379,2020-01-15,22.4609,2,5,C,1.1047,12.2734,-7798.795,2020-01-15
380,2020-01-16,25.9842,3,5,A,1.259,13.1022,-7824.7792,2020-01-16
381,2020-01-17,24.094,4,5,B,1.1422,10.2203,-7848.8732,2020-01-17
382,2020-01-18,11.3026,5,-5,C,0.5785,10.1537,-7860.1758,2020-01-18
383,2020-01-19,13.1098,6,-5,C,0.6835,13.7836,-7873.2856,2020-01-19
384,2020-01-20,22.671,0,5,A,1.072,11.9384,-7895.9566,2020-01-20
385,2020-01-21,22.7984,1,5,B,1.0808,13.1991,-7918.755,2020-01-21
386,2020-01-22,30.8357,2,5,C,1.3983,11.5048,-7949.5907,2020-01-22
387,2020-01-23,26.5433,3,5,C,1.2131,11.9826,-7976.134,2020-01-23
388,2020-01-24,24.0437,4,5,A,1.1036,12.2967,-8000.1777,2020-01-24
389,2020-01-25,13.3254,5,-5,B,0.6409,10.8315,-8013.5031,2020-01-25
390,2020-01-26,17.8022,6,-5,C,0.807,9.1456,-8031.3053,2020-01-26
391,2020-01-27,29.4483,0,5,C,1.2961,11.4192,-8060.7536,2020-01-27
392,2020-01-28,24.2041,1,5,A,1.0747,11.3639,-8084.9577,2020-01-28
393,2020-01-29,30.1905,2,5,B,1.3303,13.9199,-8115.1482,2020-01-29
394,2020-01-30,30.5302,3,5,C,1.331,13.3159,-8145.6784,2020-01-30
395,2020-01-31,29.9858,4,5,C,1.2834,11.0505,-8175.6642,2020-01-31
396,2020-02-01,13.5576,5,-5,B,0.6452,13.62,-8189.2218,2020-02-01
397,2020-02-02,18.1176,6,-5,C,0.787,9.2879,-8207.3394,2020-02-02
398,2020-02-03,24.7795,0,5,C,1.079,13.8125,-8232.1189,2020-02-03
399,2020-02-04,22.8123,1,5,A,0.9821,11.9802,-8254.9312,2020-02-04
400,2020-02-05,30.0797,2,5,B,1.1985,4.262,-8285.0109,2020-02-05
401,2020-02-06,33.9874,3,5,C,1.401,11.8225,-8318.9983,2020-02-06
402,2020-02-07,28.1865,4,5,C,1.1839,13.4714,-8347.1848,2020-02-07
403,2020-02-08,13.0061,5,-5,A,0.6,13.6349,-8360.1909,2020-02-08
404,2020-02-09,22.1513,6,-5,B,0.9056,8.5713,-8382.3422,2020-02-09
405,2020-02-10,27.2541,0,5,C,1.1158,11.4938,-8409.5963,2020-02-10
406,2020-02-11,32.2686,1,5,C,1.2817,9.228,-8441.8649,2020-02-11
407,2020-02-12,32.2138,2,5,A,1.3165,14.9778,-8474.0787,2020-02-12
408,2020-02-13,30.7747,3,5,B,1.2188,9.8753,-8504.8534,2020-02-13
409,2020-02-14,36.0436,4,5,C,1.413,10.4957,-8540.897,2020-02-14
410,2020-02-15,20.7484,5,-5,C,0.8655,13.6103,-8561.6454,2020-02-15
411,2020-02-16,19.3938,6,-5,A,0.7933,11.06,-8581.0392,2020-02-16
412,2020-02-17,29.3025,0,5,B,1.1456,10.175,-8610.3417,2020-02-17
413,2020-02-18,30.2239,1,5,C,1.1773,10.58,-8640.5656,2020-02-18
414,2020-02-19,23.8665,2,5,C,0.9457,11.0949,-8664.4321,2020-02-19
415,2020-02-20,25.8884,3,5,A,1.0176,11.4645,-8690.3205,2020-02-20
416,2020-02-21,30.3602,4,5,B,1.1858,13.0493,-8720.6807,2020-02-21
417,2020-02-22,23.5845,5,-5,C,0.9087,8.8851,-8744.2652,2020-02-22
418,2020-02-23,22.2552,6,-5,C,0.8816,12.2144,-8766.5204,2020-02-23
419,2020-02-24,25.6631,0,5,A,0.986,10.2973,-8792.1835,2020-02-24
420,2020-02-25,32.183,1,5,B,1.2101,9.7966,-8824.3665,2020-02-25
421,2020-02-26,32.1461,2,5,C,1.2371,14.3892,-8856.5126,2020-02-26
422,2020-02-27,30.6849,3,5,C,1.1707,12.85,-8887.1975,2020-02-27
423,2020-02-28,31.6372,4,5,A,1.1818,10.2129,-8918.8347,2020-02-28
424,2020-02-29,17.1001,5,-5,B,0.648,7.1227,-8935.9348,2020-02-29
425,2020-03-01,18.3181,6,-5,B,0.7106,10.2853,-8954.2529,2020-03-01
426,2020-03-02,34.2621,0,5,C,1.2579,9.5616,-8988.515,2020-03-02
427,2020-03-03,31.6313,1,5,C,1.1429,6.6515,-9020.1463,2020-03-03
428,2020-03-04,32.3552,2,5,A,1.208,12.9033,-9052.5015,2020-03-04
429,2020-03-05,27.3102,3,5,B,1.0185,11.1129,-9079.8117,2020-03-05
430,2020-03-06,33.1414,4,5,C,1.216,11.0348,-9112.9531,2020-03-06
431,2020-03-07,22.9967,5,-5,C,0.856,9.7465,-9135.9498,2020-03-07
432,2020-03-08,22.9742,6,-5,A,0.8384,7.5812,-9158.924,2020-03-08
433,2020-03-09,33.9357,0,5,B,1.2374,11.4452,-9192.8597,2020-03-09
434,2020-03-10,31.8474,1,5,C,1.1629,11.3527,-9224.7071,2020-03-10
435,2020-03-11,33.8212,2,5,C,1.2339,12.2754,-9258.5283,2020-03-11
436,2020-03-12,33.4027,3,5,A,1.1925,8.6126,-9291.931,2020-03-12
437,2020-03-13,33.0521,4,5,B,1.2004,11.8633,-9324.9831,2020-03-13
438,2020-03-14,19.3515,5,-5,C,0.7487,13.9057,-9344.3346,2020-03-14
439,2020-03-15,21.487,6,-5,C,0.8092,12.3756,-9365.8216,2020-03-15
440,2020-03-16,33.8055,0,5,A,1.2522,16.6542,-9399.6271,2020-03-16
441,2020-03-17,33.0236,1,5,B,1.1711,8.796,-9432.6507,2020-03-17
442,2020-03-18,34.9671,2,5,C,1.2487,10.8504,-9467.6178,2020-03-18
443,2020-03-19,28.049,3,5,C,1.0047,9.341,-9495.6668,2020-03-19
444,2020-03-20,34.1436,4,5,A,1.218,10.8471,-9529.8104,2020-03-20
445,2020-03-21,25.78,5,-5,B,0.9263,9.3189,-9555.5904,2020-03-21
446,2020-03-22,20.3471,6,-5,C,0.7675,12.9065,-9575.9375,2020-03-22
447,2020-03-23,33.6738,0,5,C,1.2145,13.1887,-9609.6113,2020-03-23
448,2020-03-24,30.957,1,5,A,1.1044,10.4418,-9640.5683,2020-03-24
449,2020-03-25,26.7368,2,5,B,0.965,10.7939,-9667.3051,2020-03-25
450,2020-03-26,30.3386,3,5,C,1.0706,8.684,-9697.6437,2020-03-26
451,2020-03-27,34.7222,4,5,C,1.2285,10.5044,-9732.3659,2020-03-27
452,2020-03-28,18.9051,5,-5,A,0.6964,9.8735,-9751.271,2020-03-28
453,2020-03-29,18.7428,6,-5,B,0.6948,10.4773,-9770.0138,2020-03-29
454,2020-03-30,30.0022,0,5,C,1.0594,8.8845,-9800.016,2020-03-30
455,2020-03-31,33.0115,1,5,C,1.1678,10.1051,-9833.0275,2020-03-31
456,2020-04-01,31.829,2,5,B,1.1383,11.6022,-9864.8565,2020-04-01
457,2020-04-02,30.9715,3,5,C,1.1134,12.1226,-9895.828,2020-04-02
458,2020-04-03,36.4961,4,5,C,1.2679,7.6295,-9932.3241,2020-04-03
459,2020-04-04,21.3039,5,-5,A,0.7811,10.5626,-9953.628,2020-04-04
460,2020-04-05,24.9542,6,-5,B,0.9267,14.0748,-9978.5822,2020-04-05
461,2020-04-06,31.0925,0,5,C,1.1207,12.3678,-10009.6747,2020-04-06
462,2020-04-07,33.8451,1,5,C,1.203,10.8235,-10043.5198,2020-04-07
463,2020-04-08,32.2077,2,5,A,1.1137,5.5176,-10075.7275,2020-04-08
464,2020-04-09,30.5311,3,5,B,1.1096,13.1563,-10106.2586,2020-04-09
465,2020-04-10,35.5817,4,5,C,1.2701,11.7195,-10141.8403,2020-04-10
466,2020-04-11,22.2821,5,-5,C,0.8281,12.1011,-10164.1224,2020-04-11
467,2020-04-12,19.553,6,-5,A,0.7362,11.9084,-10183.6754,2020-04-12
468,2020-04-13,28.8875,0,5,B,1.0244,7.9896,-10212.5629,2020-04-13
469,2020-04-14,22.0357,1,5,C,0.8104,10.2548,-10234.5986,2020-04-14
470,2020-04-15,33.1594,2,5,C,1.1726,8.217,-10267.758,2020-04-15
471,2020-04-16,38.828,3,5,A,1.3823,10.6818,-10306.586,2020-04-16
472,2020-04-17,39.2919,4,5,B,1.388,8.872,-10345.8779,2020-04-17
473,2020-04-18,24.9838,5,-5,C,0.9194,10.8595,-10370.8617,2020-04-18
474,2020-04-19,17.1495,6,-5,C,0.6427,9.0029,-10388.0112,2020-04-19
475,2020-04-20,34.7253,0,5,A,1.2635,12.2815,-10422.7365,2020-04-20
476,2020-04-21,35.1438,1,5,B,1.2576,8.947,-10457.8803,2020-04-21
477,2020-04-22,32.1978,2,5,C,1.1561,8.4277,-10490.0781,2020-04-22
478,2020-04-23,31.9364,3,5,C,1.1574,9.5427,-10522.0145,2020-04-23
479,2020-04-24,36.6377,4,5,A,1.3389,12.1236,-10558.6522,2020-04-24
480,2020-04-25,23.3419,5,-5,B,0.8814,11.556,-10581.9941,2020-04-25
481,2020-04-26,24.8396,6,-5,C,0.9356,11.6243,-10606.8337,2020-04-26
482,2020-04-27,31.5793,0,5,C,1.1381,6.8905,-10638.413,2020-04-27
483,2020-04-28,31.6624,1,5,A,1.2066,15.9212,-10670.0754,2020-04-28
484,2020-04-29,30.0413,2,5,B,1.1248,11.7724,-10700.1167,2020-04-29
485,2020-04-30,34.9382,3,5,C,1.2687,7.4822,-10735.0549,2020-04-30
486,2020-05-01,35.0802,4,5,B,1.2945,9.913,-10770.1351,2020-05-01
487,2020-05-02,19.598,5,-5,C,0.742,7.9112,-10789.7331,2020-05-02
488,2020-05-03,19.5284,6,-5,C,0.7544,9.6828,-10809.2615,2020-05-03
489,2020-05-04,32.0163,0,5,A,1.1868,8.2035,-10841.2778,2020-05-04
490,2020-05-05,26.9253,1,5,B,1.018,9.2411,-10868.2031,2020-05-05
491,2020-05-06,32.8974,2,5,C,1.2655,13.7362,-10901.1005,2020-05-06
492,2020-05-07,32.2046,3,5,C,1.2282,11.3211,-10933.3051,2020-05-07
493,2020-05-08,29.691,4,5,A,1.163,14.1378,-10962.9961,2020-05-08
494,2020-05-09,20.0245,5,-5,B,0.8168,13.6501,-10983.0206,2020-05-09
495,2020-05-10,15.184,6,-5,C,0.65,14.2645,-10998.2046,2020-05-10
496,2020-05-11,26.9558,0,5,C,1.0455,9.7021,-11025.1604,2020-05-11
497,2020-05-12,29.1572,1,5,A,1.1426,11.4707,-11054.3176,2020-05-12
498,2020-05-13,31.7122,2,5,B,1.227,9.6085,-11086.0298,2020-05-13
499,2020-05-14,29.5574,3,5,C,1.1692,11.7795,-11115.5872,2020-05-14
500,2020-05-15,34.4203,4,5,C,1.3356,9.3862,-11150.0075,2020-05-15
501,2020-05-16,22.514,5,-5,A,0.9453,15.3103,-11172.5215,2020-05-16
502,2020-05-17,19.0384,6,-5,B,0.7985,12.344,-11191.5599,2020-05-17
503,2020-05-18,32.6048,0,5,C,1.3136,13.0503,-11224.1647,2020-05-18
504,2020-05-19,29.3392,1,5,C,1.1827,11.0788,-11253.5039,2020-05-19
505,2020-05-20,24.714,2,5,A,0.9909,7.9737,-11278.2179,2020-05-20
506,2020-05-21,34.0744,3,5,B,1.4232,17.6338,-11312.2923,2020-05-21
507,2020-05-22,26.2437,4,5,C,1.0733,9.8568,-11338.536,2020-05-22
508,2020-05-23,17.7384,5,-5,C,0.7631,11.0947,-11356.2744,2020-05-23
509,2020-05-24,19.9532,6,-5,A,0.8252,7.5721,-11376.2276,2020-05-24
510,2020-05-25,27.3704,0,5,B,1.1614,13.4165,-11403.598,2020-05-25
511,2020-05-26,29.2096,1,5,C,1.2178,10.6741,-11432.8076,2020-05-26
512,2020-05-27,29.165,2,5,C,1.2215,10.4999,-11461.9726,2020-05-27
513,2020-05-28,30.6519,3,5,A,1.2684,8.1641,-11492.6245,2020-05-28
514,2020-05-29,26.1712,4,5,B,1.102,8.5899,-11518.7957,2020-05-29
515,2020-05-30,12.8424,5,-5,C,0.5879,9.7529,-11531.6381,2020-05-30
516,2020-05-31,12.6705,6,-5,C,0.5403,4.2187,-11544.3086,2020-05-31
517,2020-06-01,23.7386,0,5,B,1.0599,13.0656,-11568.0472,2020-06-01
518,2020-06-02,29.2271,1,5,C,1.2781,11.7833,-11597.2743,2020-06-02
519,2020-06-03,24.6311,2,5,C,1.1073,12.8136,-11621.9054,2020-06-03
520,2020-06-04,28.6488,3,5,A,1.2822,13.2123,-11650.5542,2020-06-04
521,2020-06-05,23.0117,4,5,B,1.043,11.4056,-11673.5659,2020-06-05
522,2020-06-06,14.7785,5,-5,C,0.7237,13.2912,-11688.3444,2020-06-06
523,2020-06-07,13.0503,6,-5,C,0.6534,12.946,-11701.3947,2020-06-07
524,2020-06-08,29.037,0,5,A,1.298,9.1247,-11730.4317,2020-06-08
525,2020-06-09,25.0957,1,5,B,1.1761,13.4075,-11755.5274,2020-06-09
526,2020-06-10,24.7459,2,5,C,1.1229,7.9666,-11780.2733,2020-06-10
527,2020-06-11,25.7458,3,5,C,1.1788,8.5654,-11806.0191,2020-06-11
528,2020-06-12,27.2069,4,5,A,1.2735,11.2577,-11833.226,2020-06-12
529,2020-06-13,15.7467,5,-5,B,0.743,6.5895,-11848.9727,2020-06-13
530,2020-06-14,19.0548,6,-5,C,0.9284,10.5727,-11868.0275,2020-06-14
531,2020-06-15,26.272,0,5,C,1.2666,11.9986,-11894.2995,2020-06-15
532,2020-06-16,22.3355,1,5,A,1.0838,10.0935,-11916.635,2020-06-16
533,2020-06-17,26.211,2,5,B,1.2782,11.489,-11942.846,2020-06-17
534,2020-06-18,23.7769,3,5,C,1.1546,8.8989,-11966.6229,2020-06-18
535,2020-06-19,28.1965,4,5,C,1.401,12.8997,-11994.8194,2020-06-19
536,2020-06-20,17.6591,5,-5,A,0.9094,10.8238,-12012.4785,2020-06-20
537,2020-06-21,12.896,6,-5,B,0.6946,10.6295,-12025.3745,2020-06-21
538,2020-06-22,24.5571,0,5,C,1.2336,9.5666,-12049.9316,2020-06-22
539,2020-06-23,21.1121,1,5,C,1.0911,10.5782,-12071.0437,2020-06-23
540,2020-06-24,27.0572,2,5,A,1.3885,11.3141,-12098.1009,2020-06-24
541,2020-06-25,28.0616,3,5,B,1.4294,9.3838,-12126.1625,2020-06-25
542,2020-06-26,25.0252,4,5,C,1.3021,10.1254,-12151.1877,2020-06-26
543,2020-06-27,19.2123,5,-5,C,1.0223,9.2498,-12170.4,2020-06-27
544,2020-06-28,11.2012,6,-5,A,0.6655,11.975,-12181.6012,2020-06-28
545,2020-06-29,25.2962,0,5,B,1.3108,6.2906,-12206.8974,2020-06-29
546,2020-06-30,23.8718,1,5,C,1.2771,8.8958,-12230.7692,2020-06-30
547,2020-07-01,23.8901,2,5,B,1.3205,12.0356,-12254.6593,2020-07-01
548,2020-07-02,23.9968,3,5,C,1.3066,8.9896,-12278.6561,2020-07-02
549,2020-07-03,22.3723,4,5,C,1.2786,13.2505,-12301.0284,2020-07-03
550,2020-07-04,8.1094,5,-5,A,0.5007,8.0174,-12309.1378,2020-07-04
551,2020-07-05,11.446,6,-5,B,0.7002,10.0787,-12320.5838,2020-07-05
552,2020-07-06,25.3912,0,5,C,1.4464,10.8506,-12345.975,2020-07-06
553,2020-07-07,16.1021,1,5,C,0.9548,9.64,-12362.0771,2020-07-07
554,2020-07-08,23.1225,2,5,A,1.3639,11.9959,-12385.1996,2020-07-08
555,2020-07-09,13.6787,3,5,B,0.8801,13.1999,-12398.8783,2020-07-09
556,2020-07-10,18.3534,4,5,C,1.1266,11.7219,-12417.2317,2020-07-10
557,2020-07-11,15.37,5,-5,C,0.9567,10.2179,-12432.6017,2020-07-11
558,2020-07-12,8.3415,6,-5,A,0.5989,12.2929,-12440.9432,2020-07-12
559,2020-07-13,16.5912,0,5,B,1.0446,10.3516,-12457.5344,2020-07-13
560,2020-07-14,21.6861,1,5,C,1.3573,11.6674,-12479.2205,2020-07-14
561,2020-07-15,23.1888,2,5,C,1.4435,10.5733,-12502.4093,2020-07-15
562,2020-07-16,20.1136,3,5,A,1.2744,10.0749,-12522.5229,2020-07-16
563,2020-07-17,17.5289,4,5,B,1.0951,6.5223,-12540.0518,2020-07-17
564,2020-07-18,12.105,5,-5,C,0.8609,12.7934,-12552.1568,2020-07-18
565,2020-07-19,16.4333,6,-5,C,1.0978,10.4268,-12568.5901,2020-07-19
566,2020-07-20,20.4241,0,5,A,1.329,8.888,-12589.0142,2020-07-20
567,2020-07-21,23.0628,1,5,B,1.5597,13.7005,-12612.077,2020-07-21
568,2020-07-22,15.2175,2,5,C,1.0186,7.3477,-12627.2945,2020-07-22
569,2020-07-23,22.8939,3,5,C,1.5183,8.6876,-12650.1884,2020-07-23
570,2020-07-24,12.5487,4,5,A,0.9199,11.1437,-12662.7371,2020-07-24
571,2020-07-25,13.8502,5,-5,B,0.9633,7.3613,-12676.5873,2020-07-25
572,2020-07-26,10.5739,6,-5,C,0.7851,8.9581,-12687.1612,2020-07-26
573,2020-07-27,12.2968,0,5,C,0.9146,9.8277,-12699.458,2020-07-27
574,2020-07-28,18.5299,1,5,A,1.3011,7.8008,-12717.9879,2020-07-28
575,2020-07-29,17.5716,2,5,B,1.303,11.7493,-12735.5595,2020-07-29
576,2020-07-30,18.3416,3,5,C,1.3737,12.2591,-12753.9011,2020-07-30
577,2020-07-31,20.5754,4,5,C,1.5052,9.9202,-12774.4765,2020-07-31
578,2020-08-01,8.8167,5,-5,B,0.7477,11.3968,-12783.2932,2020-08-01
579,2020-08-02,16.0111,6,-5,C,1.2054,8.4967,-12799.3043,2020-08-02
580,2020-08-03,13.4763,0,5,C,1.1219,14.2202,-12812.7806,2020-08-03
581,2020-08-04,14.6318,1,5,A,1.2158,14.4006,-12827.4124,2020-08-04
582,2020-08-05,16.0102,2,5,B,1.3196,14.05,-12843.4226,2020-08-05
583,2020-08-06,15.7465,3,5,C,1.2862,12.0892,-12859.1691,2020-08-06
584,2020-08-07,12.0348,4,5,C,1.0391,12.4793,-12871.2039,2020-08-07
585,2020-08-08,7.0974,5,-5,A,0.6709,10.9606,-12878.3013,2020-08-08
586,2020-08-09,5.807,6,-5,B,0.5443,8.2821,-12884.1083,2020-08-09
587,2020-08-10,12.3169,0,5,C,1.0268,8.134,-12896.4252,2020-08-10
588,2020-08-11,18.0499,1,5,C,1.5741,15.5935,-12914.4751,2020-08-11
589,2020-08-12,20.0269,2,5,A,1.694,12.6791,-12934.502,2020-08-12
590,2020-08-13,14.3373,3,5,B,1.2073,7.9465,-12948.8393,2020-08-13
591,2020-08-14,10.7359,4,5,C,1.0584,15.4753,-12959.5752,2020-08-14
592,2020-08-15,6.7488,5,-5,C,0.6921,11.0485,-12966.324,2020-08-15
593,2020-08-16,6.3768,6,-5,A,0.6541,10.0531,-12972.7008,2020-08-16
594,2020-08-17,16.5246,0,5,B,1.4958,12.3961,-12989.2254,2020-08-17
595,2020-08-18,21.0058,1,5,C,1.9056,14.9077,-13010.2312,2020-08-18
596,2020-08-19,15.4257,2,5,C,1.4384,12.5818,-13025.6569,2020-08-19
597,2020-08-20,10.9474,3,5,A,1.0729,11.5735,-13036.6043,2020-08-20
598,2020-08-21,13.3241,4,5,B,1.2668,10.9765,-13049.9284,2020-08-21
599,2020-08-22,2.8539,5,-5,C,0.3683,8.0937,-13052.7823,2020-08-22
600,2020-08-23,5.5771,6,-5,C,0.6764,12.828,-13058.3594,2020-08-23
601,2020-08-24,16.1869,0,5,A,1.5517,11.6662,-13074.5463,2020-08-24
602,2020-08-25,12.1538,1,5,B,1.1814,9.1376,-13086.7001,2020-08-25
603,2020-08-26,13.7446,2,5,C,1.3892,12.8,-13100.4447,2020-08-26
604,2020-08-27,17.1662,3,5,C,1.6987,13.0416,-13117.6109,2020-08-27
605,2020-08-28,13.1985,4,5,A,1.3159,9.982,-13130.8094,2020-08-28
606,2020-08-29,0.0551,5,-5,B,0.1404,7.7658,-13130.8645,2020-08-29
607,2020-08-30,6.1957,6,-5,C,0.7352,10.8097,-13137.0602,2020-08-30
608,2020-08-31,16.329,0,5,C,1.7097,14.8091,-13153.3892,2020-08-31
609,2020-09-01,13.0755,1,5,B,1.4106,13.6156,-13166.4647,2020-09-01
610,2020-09-02,13.5967,2,5,C,1.5105,15.9942,-13180.0614,2020-09-02
611,2020-09-03,19.8162,3,5,C,2.0584,14.5598,-13199.8776,2020-09-03
612,2020-09-04,15.6103,4,5,A,1.6429,12.031,-13215.4879,2020-09-04
613,2020-09-05,6.6387,5,-5,B,0.8133,11.1078,-13222.1266,2020-09-05
614,2020-09-06,8.9461,6,-5,C,0.953,6.8481,-13231.0727,2020-09-06
615,2020-09-07,13.0551,0,5,C,1.3905,9.5135,-13244.1278,2020-09-07
616,2020-09-08,10.0727,1,5,A,1.1471,10.9664,-13254.2005,2020-09-08
617,2020-09-09,14.4816,2,5,B,1.575,11.3142,-13268.6821,2020-09-09
618,2020-09-10,15.6753,3,5,C,1.7153,12.2985,-13284.3574,2020-09-10
619,2020-09-11,18.6806,4,5,C,1.9979,11.6504,-13303.038,2020-09-11
620,2020-09-12,3.2187,5,-5,A,0.5221,11.2206,-13306.2567,2020-09-12
621,2020-09-13,2.3373,6,-5,B,0.3866,8.4411,-13308.594,2020-09-13
622,2020-09-14,11.6127,0,5,C,1.3651,12.6846,-13320.2067,2020-09-14
623,2020-09-15,11.17,1,5,C,1.2925,10.8467,-13331.3767,2020-09-15
624,2020-09-16,12.5257,2,5,A,1.4057,9.614,-13343.9024,2020-09-16
625,2020-09-17,14.2047,3,5,B,1.5335,7.4891,-13358.1071,2020-09-17
626,2020-09-18,10.678,4,5,C,1.2836,12.0963,-13368.7851,2020-09-18
627,2020-09-19,3.315,5,-5,C,0.5448,11.1294,-13372.1001,2020-09-19
628,2020-09-20,2.4302,6,-5,A,0.3966,7.9562,-13374.5303,2020-09-20
629,2020-09-21,11.9353,0,5,B,1.4023,11.2327,-13386.4656,2020-09-21
630,2020-09-22,11.7832,1,5,C,1.4454,13.9961,-13398.2488,2020-09-22
631,2020-09-23,13.5087,2,5,C,1.6186,13.934,-13411.7575,2020-09-23
632,2020-09-24,12.7577,3,5,A,1.4943,11.2941,-13424.5152,2020-09-24
633,2020-09-25,20.4496,4,5,B,2.3039,13.3329,-13444.9648,2020-09-25
634,2020-09-26,0.1111,5,-5,C,0.2338,11.1611,-13445.0759,2020-09-26
635,2020-09-27,4.2215,6,-5,C,0.7124,14.5542,-13449.2974,2020-09-27
636,2020-09-28,16.8735,0,5,A,1.9009,10.7228,-13466.1709,2020-09-28
637,2020-09-29,9.3481,1,5,B,1.0794,7.2329,-13475.519,2020-09-29
638,2020-09-30,6.2016,2,5,C,0.8787,12.928,-13481.7206,2020-09-30
639,2020-10-01,4.8083,3,5,B,0.6941,10.6705,-13486.5289,2020-10-01
640,2020-10-02,15.0465,4,5,C,1.7209,10.8761,-13501.5754,2020-10-02
641,2020-10-03,-3.9035,5,-5,C,-0.0989,14.5644,-13497.6719,2020-10-03
642,2020-10-04,4.1131,6,-5,A,0.6819,13.6227,-13501.785,2020-10-04
643,2020-10-05,12.6699,0,5,B,1.4863,11.267,-13514.4549,2020-10-05
644,2020-10-06,14.9077,1,5,C,1.735,12.7148,-13529.3626,2020-10-06
645,2020-10-07,14.7003,2,5,C,1.642,9.2359,-13544.0629,2020-10-07
646,2020-10-08,11.9199,3,5,A,1.4509,13.6778,-13555.9828,2020-10-08
647,2020-10-09,15.5907,4,5,B,1.7765,11.9936,-13571.5735,2020-10-09
648,2020-10-10,0.8439,5,-5,C,0.3365,12.8677,-13572.4174,2020-10-10
649,2020-10-11,4.3271,6,-5,C,0.5675,7.2707,-13576.7445,2020-10-11
650,2020-10-12,12.092,0,5,A,1.3874,10.4444,-13588.8365,2020-10-12
651,2020-10-13,13.4541,1,5,B,1.5114,10.2544,-13602.2906,2020-10-13
652,2020-10-14,5.2899,2,5,C,0.7483,12.0862,-13607.5805,2020-10-14
653,2020-10-15,16.0909,3,5,C,1.8147,13.3914,-13623.6714,2020-10-15
654,2020-10-16,12.1687,4,5,A,1.3966,11.6981,-13635.8401,2020-10-16
655,2020-10-17,1.3714,5,-5,B,0.3466,11.2329,-13637.2115,2020-10-17
656,2020-10-18,10.2666,6,-5,C,1.1583,9.4164,-13647.4781,2020-10-18
657,2020-10-19,13.453,0,5,C,1.4556,9.4728,-13660.9311,2020-10-19
658,2020-10-20,12.3493,1,5,A,1.4073,12.8526,-13673.2804,2020-10-20
659,2020-10-21,12.5783,2,5,B,1.4248,13.0614,-13685.8587,2020-10-21
660,2020-10-22,10.3689,3,5,C,1.2062,12.8372,-13696.2276,2020-10-22
661,2020-10-23,14.5587,4,5,C,1.5972,13.3752,-13710.7863,2020-10-23
662,2020-10-24,6.364,5,-5,A,0.7244,7.5119,-13717.1503,2020-10-24
663,2020-10-25,7.3973,6,-5,B,0.8846,11.3555,-13724.5476,2020-10-25
664,2020-10-26,15.3075,0,5,C,1.5922,11.0638,-13739.8551,2020-10-26
665,2020-10-27,6.274,1,5,C,0.8033,13.1311,-13746.1291,2020-10-27
666,2020-10-28,14.5611,2,5,A,1.5439,13.3413,-13760.6902,2020-10-28
667,2020-10-29,16.683,3,5,B,1.7171,13.0953,-13777.3732,2020-10-29
668,2020-10-30,16.0523,4,5,C,1.573,8.8126,-13793.4255,2020-10-30
669,2020-10-31,2.977,5,-5,C,0.4635,11.5629,-13796.4025,2020-10-31
670,2020-11-01,2.2151,6,-5,B,0.3272,7.7389,-13798.6176,2020-11-01
671,2020-11-02,17.0354,0,5,C,1.6889,12.7259,-13815.653,2020-11-02
672,2020-11-03,14.7654,1,5,C,1.4739,12.3117,-13830.4184,2020-11-03
673,2020-11-04,17.5982,2,5,A,1.7168,13.1725,-13848.0166,2020-11-04
674,2020-11-05,18.0429,3,5,B,1.688,10.0931,-13866.0595,2020-11-05
675,2020-11-06,11.8654,4,5,C,1.1794,11.3555,-13877.9249,2020-11-06
676,2020-11-07,3.1196,5,-5,C,0.4452,11.3139,-13881.0445,2020-11-07
677,2020-11-08,3.4217,6,-5,A,0.4103,7.9152,-13884.4662,2020-11-08
678,2020-11-09,16.6951,0,5,B,1.5527,12.0585,-13901.1613,2020-11-09
679,2020-11-10,17.0259,1,5,C,1.5694,12.3046,-13918.1872,2020-11-10
680,2020-11-11,14.4755,2,5,C,1.3538,12.4394,-13932.6627,2020-11-11
681,2020-11-12,14.4217,3,5,A,1.3003,10.1092,-13947.0844,2020-11-12
682,2020-11-13,9.1884,4,5,B,0.9169,12.5753,-13956.2728,2020-11-13
683,2020-11-14,7.3848,5,-5,C,0.6977,8.0232,-13963.6576,2020-11-14
684,2020-11-15,-7.3135,6,-5,C,-0.3665,12.7356,-13956.3441,2020-11-15
685,2020-11-16,4.3561,0,5,A,0.4975,10.8782,-13960.7002,2020-11-16
686,2020-11-17,8.2874,1,5,B,0.7586,8.8434,-13968.9876,2020-11-17
687,2020-11-18,3.3867,2,5,C,0.4129,10.6949,-13972.3743,2020-11-18
688,2020-11-19,7.0657,3,5,C,0.6665,9.7084,-13979.44,2020-11-19
689,2020-11-20,6.4739,4,5,A,0.6552,12.3311,-13985.9139,2020-11-20
690,2020-11-21,-3.4152,5,-5,B,-0.0681,12.3826,-13982.4987,2020-11-21
691,2020-11-22,-7.7971,6,-5,C,-0.4322,8.9166,-13974.7016,2020-11-22
692,2020-11-23,8.2956,0,5,C,0.6998,7.6912,-13982.9972,2020-11-23
693,2020-11-24,4.6531,1,5,A,0.4797,10.7756,-13987.6503,2020-11-24
694,2020-11-25,5.8675,2,5,B,0.5533,10.3172,-13993.5178,2020-11-25
695,2020-11-26,5.3349,3,5,C,0.5164,10.7025,-13998.8527,2020-11-26
696,2020-11-27,8.8815,4,5,C,0.7169,7.995,-14007.7342,2020-11-27
697,2020-11-28,-4.9021,5,-5,A,-0.2111,8.9276,-14002.8321,2020-11-28
698,2020-11-29,-1.5979,6,-5,B,0.0199,9.4738,-14001.2342,2020-11-29
699,2020-11-30,10.0251,0,5,C,0.8105,10.9124,-14011.2593,2020-11-30
700,2020-12-01,17.1181,1,5,B,1.2932,12.7773,-14028.3774,2020-12-01
701,2020-12-02,18.2708,2,5,C,1.3404,11.6215,-14046.6482,2020-12-02
702,2020-12-03,17.1046,3,5,C,1.263,12.4707,-14063.7528,2020-12-03
703,2020-12-04,16.1511,4,5,A,1.1825,11.9063,-14079.9039,2020-12-04
704,2020-12-05,1.7611,5,-5,B,0.2483,10.8427,-14081.665,2020-12-05
705,2020-12-06,6.1328,6,-5,C,0.5647,14.4707,-14087.7978,2020-12-06
706,2020-12-07,21.1818,0,5,C,1.4271,9.2802,-14108.9796,2020-12-07
707,2020-12-08,19.5917,1,5,A,1.3573,12.6796,-14128.5713,2020-12-08
708,2020-12-09,23.0564,2,5,B,1.5313,10.7665,-14151.6277,2020-12-09
709,2020-12-10,17.3499,3,5,C,1.1423,8.1997,-14168.9776,2020-12-10
710,2020-12-11,17.4467,4,5,C,1.1941,12.9921,-14186.4243,2020-12-11
711,2020-12-12,11.98,5,-5,A,0.8494,12.0909,-14198.4043,2020-12-12
712,2020-12-13,7.7636,6,-5,B,0.5972,12.2858,-14206.1679,2020-12-13
713,2020-12-14,20.8698,0,5,C,1.3082,8.6846,-14227.0377,2020-12-14
714,2020-12-15,20.2045,1,5,C,1.2847,11.0444,-14247.2422,2020-12-15
715,2020-12-16,19.7035,2,5,A,1.2279,9.6225,-14266.9457,2020-12-16
716,2020-12-17,28.8181,3,5,B,1.7306,9.7707,-14295.7638,2020-12-17
717,2020-12-18,28.0242,4,5,C,1.6725,9.9812,-14323.788,2020-12-18
718,2020-12-19,7.6392,5,-5,C,0.5882,15.0884,-14331.4272,2020-12-19
719,2020-12-20,15.9495,6,-5,A,1.0279,14.2355,-14347.3767,2020-12-20
720,2020-12-21,21.9167,0,5,B,1.3151,11.7794,-14369.2934,2020-12-21
721,2020-12-22,20.5182,1,5,C,1.1965,8.85,-14389.8116,2020-12-22
722,2020-12-23,24.553,2,5,C,1.4511,13.6222,-14414.3646,2020-12-23
723,2020-12-24,24.5928,3,5,A,1.4012,9.9357,-14438.9574,2020-12-24
724,2020-12-25,54.3946,4,5,B,2.9605,11.3488,-14493.352,2020-12-25
725,2020-12-26,11.1839,5,-5,C,0.7178,13.3957,-14504.5359,2020-12-26
726,2020-12-27,14.9505,6,-5,C,0.9041,13.3216,-14519.4864,2020-12-27
727,2020-12-28,26.1841,0,5,A,1.4025,6.9195,-14545.6705,2020-12-28
728,2020-12-29,26.0297,1,5,B,1.4199,10.6181,-14571.7002,2020-12-29
729,2020-12-30,21.547,2,5,C,1.1788,10.1496,-14593.2472,2020-12-30
730,2020-12-31,22.2904,3,5,C,1.2223,11.826,-14615.5376,2020-12-31
731,2021-01-01,54.0379,4,5,B,2.8276,15.0052,-14669.5755,2021-01-01
732,2021-01-02,14.8688,5,-5,C,0.8353,10.6244,-14684.4443,2021-01-02
733,2021-01-03,16.5044,6,-5,C,0.8886,8.6283,-14700.9487,2021-01-03
734,2021-01-04,20.7546,0,5,A,1.1303,13.1493,-14721.7033,2021-01-04
735,2021-01-05,29.011,1,5,B,1.4768,8.9736,-14750.7143,2021-01-05
736,2021-01-06,24.7015,2,5,C,1.3076,13.9956,-14775.4158,2021-01-06
737,2021-01-07,23.2028,3,5,C,1.2026,11.4707,-14798.6186,2021-01-07
738,2021-01-08,29.9112,4,5,A,1.4991,10.6425,-14828.5298,2021-01-08
739,2021-01-09,13.2789,5,-5,B,0.7068,9.7374,-14841.8087,2021-01-09
740,2021-01-10,,6,-5,C,,,,2021-01-10
741,2021-01-11,,0,5,C,,,,2021-01-11
742,2021-01-12,,1,5,A,,,,2021-01-12
743,2021-01-13,,2,5,B,,,,2021-01-13
744,2021-01-14,,3,5,C,,,,2021-01-14
745,2021-01-15,,4,5,C,,,,2021-01-15
746,2021-01-16,17.1974,5,-5,A,0.8542,11.045,-14859.0061,2021-01-16
747,2021-01-17,14.6921,6,-5,B,0.7382,11.0038,-14873.6982,2021-01-17
748,2021-01-18,26.1725,0,5,C,1.2369,11.6898,-14899.8707,2021-01-18
749,2021-01-19,29.8966,1,5,C,1.3986,12.8409,-14929.7673,2021-01-19
750,2021-01-20,23.5871,2,5,A,1.1183,12.7726,-14953.3544,2021-01-20
751,2021-01-21,25.1971,3,5,B,1.1643,11.031,-14978.5515,2021-01-21
752,2021-01-22,30.2148,4,5,C,1.3527,9.1991,-15008.7663,2021-01-22
753,2021-01-23,17.1765,5,-5,C,0.8081,10.516,-15025.9428,2021-01-23
754,2021-01-24,18.0868,6,-5,A,0.8568,12.4438,-15044.0296,2021-01-24
755,2021-01-25,25.2388,0,5,B,1.1457,12.2717,-15069.2684,2021-01-25
756,2021-01-26,31.3697,1,5,C,1.3566,8.1703,-15100.6381,2021-01-26
757,2021-01-27,33.6345,2,5,C,1.4651,11.1737,-15134.2726,2021-01-27
758,2021-01-28,28.3549,3,5,A,1.2275,9.4317,-15162.6275,2021-01-28
759,2021-01-29,26.0527,4,5,B,1.1261,9.3008,-15188.6802,2021-01-29
760,2021-01-30,12.3462,5,-5,C,0.6069,13.9375,-15201.0264,2021-01-30
761,2021-01-31,13.4451,6,-5,C,0.6102,9.3134,-15214.4715,2021-01-31
762,2021-02-01,29.5914,0,5,B,1.2744,12.831,-15244.0629,2021-02-01
763,2021-02-02,25.2224,1,5,C,1.102,13.7326,-15269.2853,2021-02-02
764,2021-02-03,24.8738,2,5,C,1.0751,12.8337,-15294.1591,2021-02-03
765,2021-02-04,24.5773,3,5,A,1.0235,8.4644,-15318.7364,2021-02-04
766,2021-02-05,25.0208,4,5,B,1.0423,9.3956,-15343.7572,2021-02-05
767,2021-02-06,16.7813,5,-5,C,0.727,10.4151,-15360.5385,2021-02-06
768,2021-02-07,18.0117,6,-5,C,0.7712,10.5274,-15378.5502,2021-02-07
769,2021-02-08,26.7578,0,5,A,1.1074,11.3872,-15405.308,2021-02-08
770,2021-02-09,29.3072,1,5,B,1.1864,9.7951,-15434.6152,2021-02-09
771,2021-02-10,25.269,2,5,C,1.0513,12.8765,-15459.8842,2021-02-10
772,2021-02-11,32.0785,3,5,C,1.299,12.4751,-15491.9627,2021-02-11
773,2021-02-12,31.4689,4,5,A,1.2692,12.3788,-15523.4316,2021-02-12
774,2021-02-13,22.551,5,-5,B,0.903,8.5689,-15545.9826,2021-02-13
775,2021-02-14,20.0173,6,-5,C,0.8341,12.4887,-15565.9999,2021-02-14
776,2021-02-15,32.849,0,5,C,1.296,11.4752,-15598.8489,2021-02-15
777,2021-02-16,32.6812,1,5,A,1.2706,9.622,-15631.5301,2021-02-16
778,2021-02-17,32.1441,2,5,B,1.2525,10.582,-15663.6742,2021-02-17
779,2021-02-18,29.8113,3,5,C,1.169,11.5104,-15693.4855,2021-02-18
780,2021-02-19,37.8709,4,5,C,1.4339,8.4011,-15731.3564,2021-02-19
781,2021-02-20,21.7249,5,-5,A,0.8464,8.5759,-15753.0813,2021-02-20
782,2021-02-21,21.8007,6,-5,B,0.8684,11.7176,-15774.882,2021-02-21
783,2021-02-22,36.1432,0,5,C,1.3668,10.0117,-15811.0252,2021-02-22
784,2021-02-23,26.1085,1,5,C,1.0194,12.2427,-15837.1337,2021-02-23
785,2021-02-24,31.3959,2,5,A,1.1847,9.5659,-15868.5296,2021-02-24
786,2021-02-25,33.1403,3,5,B,1.252,10.9191,-15901.6699,2021-02-25
787,2021-02-26,30.5391,4,5,C,1.1564,11.0019,-15932.209,2021-02-26
788,2021-02-27,19.4648,5,-5,C,0.7569,10.1787,-15951.6738,2021-02-27
789,2021-02-28,25.5619,6,-5,A,0.9641,9.5691,-15977.2357,2021-02-28
790,2021-03-01,30.2408,0,5,B,1.1317,10.5584,-16007.4765,2021-03-01
791,2021-03-02,27.2811,1,5,C,1.0595,15.5013,-16034.7576,2021-03-02
792,2021-03-03,30.7573,2,5,C,1.1407,10.2449,-16065.5149,2021-03-03
793,2021-03-04,29.9879,3,5,A,1.1422,14.7756,-16095.5028,2021-03-04
794,2021-03-05,32.0887,4,5,B,1.2043,13.7,-16127.5915,2021-03-05
795,2021-03-06,18.5599,5,-5,C,0.7128,10.5423,-16146.1514,2021-03-06
796,2021-03-07,21.1315,6,-5,C,0.7934,9.6593,-16167.2829,2021-03-07
797,2021-03-08,31.9091,0,5,A,1.1673,10.532,-16199.192,2021-03-08
798,2021-03-09,31.3873,1,5,B,1.1435,10.0668,-16230.5793,2021-03-09
799,2021-03-10,26.2384,2,5,C,0.9813,12.4431,-16256.8177,2021-03-10
800,2021-03-11,34.0825,3,5,C,1.235,10.7502,-16290.9002,2021-03-11
801,2021-03-12,33.0994,4,5,A,1.2069,11.911,-16323.9996,2021-03-12
802,2021-03-13,26.1717,5,-5,B,0.9601,10.5423,-16350.1713,2021-03-13
803,2021-03-14,21.2441,6,-5,C,0.7971,11.3966,-16371.4154,2021-03-14
804,2021-03-15,31.6964,0,5,C,1.1436,10.5603,-16403.1118,2021-03-15
805,2021-03-16,34.1792,1,5,A,1.2472,13.7563,-16437.291,2021-03-16
806,2021-03-17,32.9665,2,5,B,1.1687,8.4696,-16470.2575,2021-03-17
807,2021-03-18,31.971,3,5,C,1.129,7.8079,-16502.2285,2021-03-18
808,2021-03-19,37.9675,4,5,C,1.3487,10.7142,-16540.196,2021-03-19
809,2021-03-20,19.0203,5,-5,A,0.723,12.5468,-16559.2163,2021-03-20
810,2021-03-21,30.1741,6,-5,B,1.098,12.8015,-16589.3904,2021-03-21
811,2021-03-22,34.2485,0,5,C,1.2199,10.7937,-16623.6389,2021-03-22
812,2021-03-23,34.4244,1,5,C,1.2146,9.2982,-16658.0633,2021-03-23
813,2021-03-24,35.4069,2,5,A,1.2455,9.1663,-16693.4702,2021-03-24
814,2021-03-25,32.767,3,5,B,1.1859,13.5836,-16726.2372,2021-03-25
815,2021-03-26,33.9378,4,5,C,1.198,9.6584,-16760.175,2021-03-26
816,2021-03-27,22.4769,5,-5,C,0.8379,13.1258,-16782.6519,2021-03-27
817,2021-03-28,21.7166,6,-5,A,0.8336,16.3514,-16804.3685,2021-03-28
818,2021-03-29,37.2572,0,5,B,1.3188,11.4348,-16841.6257,2021-03-29
819,2021-03-30,29.9996,1,5,C,1.1047,15.6699,-16871.6253,2021-03-30
820,2021-03-31,37.3015,2,5,C,1.3173,11.0765,-16908.9268,2021-03-31
821,2021-04-01,32.7804,3,5,B,1.157,9.6475,-16941.7072,2021-04-01
822,2021-04-02,33.1979,4,5,C,1.1665,8.9851,-16974.9051,2021-04-02
823,2021-04-03,22.5497,5,-5,C,0.8257,11.0838,-16997.4548,2021-04-03
824,2021-04-04,25.6586,6,-5,A,0.9328,11.574,-17023.1134,2021-04-04
825,2021-04-05,29.9795,0,5,B,1.1061,15.8957,-17053.0929,2021-04-05
826,2021-04-06,30.9478,1,5,C,1.0945,9.2489,-17084.0407,2021-04-06
827,2021-04-07,30.2708,2,5,C,1.0584,7.1482,-17114.3115,2021-04-07
828,2021-04-08,31.9172,3,5,A,1.1411,11.1973,-17146.2287,2021-04-08
829,2021-04-09,37.7455,4,5,B,1.3389,11.5097,-17183.9742,2021-04-09
830,2021-04-10,27.8248,5,-5,C,1.0031,10.7733,-17211.799,2021-04-10
831,2021-04-11,23.5559,6,-5,C,0.8372,7.2084,-17235.3549,2021-04-11
832,2021-04-12,32.0285,0,5,A,1.1394,9.792,-17267.3834,2021-04-12
833,2021-04-13,29.3478,1,5,B,1.0641,11.7949,-17296.7312,2021-04-13
834,2021-04-14,30.191,2,5,C,1.1213,15.8999,-17326.9222,2021-04-14
835,2021-04-15,29.892,3,5,C,1.0991,13.8683,-17356.8142,2021-04-15
836,2021-04-16,39.9999,4,5,A,1.4166,10.2168,-17396.8141,2021-04-16
837,2021-04-17,21.316,5,-5,B,0.7983,11.7066,-17418.1301,2021-04-17
838,2021-04-18,25.376,6,-5,C,0.9202,9.2441,-17443.5061,2021-04-18
839,2021-04-19,29.4575,0,5,C,1.0813,12.4069,-17472.9636,2021-04-19
840,2021-04-20,32.5601,1,5,A,1.175,10.4192,-17505.5237,2021-04-20
841,2021-04-21,35.5177,2,5,B,1.299,13.5444,-17541.0414,2021-04-21
842,2021-04-22,31.6281,3,5,C,1.1519,11.0131,-17572.6695,2021-04-22
843,2021-04-23,34.5407,4,5,C,1.2496,10.4128,-17607.2102,2021-04-23
844,2021-04-24,16.089,5,-5,A,0.6022,7.6127,-17623.2992,2021-04-24
845,2021-04-25,22.95,6,-5,B,0.8571,10.2886,-17646.2492,2021-04-25
846,2021-04-26,30.9939,0,5,C,1.1292,9.3624,-17677.2431,2021-04-26
847,2021-04-27,34.4395,1,5,C,1.2645,11.3706,-17711.6826,2021-04-27
848,2021-04-28,29.8838,2,5,A,1.1037,10.3921,-17741.5664,2021-04-28
849,2021-04-29,26.9823,3,5,B,0.9939,8.6161,-17768.5487,2021-04-29
850,2021-04-30,34.2193,4,5,C,1.2672,11.3793,-17802.768,2021-04-30
851,2021-05-01,23.0068,5,-5,B,0.8943,13.3779,-17825.7748,2021-05-01
852,2021-05-02,21.9446,6,-5,C,0.84,10.5273,-17847.7194,2021-05-02
853,2021-05-03,32.7262,0,5,C,1.2171,10.072,-17880.4456,2021-05-03
854,2021-05-04,31.6813,1,5,A,1.1948,11.5686,-17912.1269,2021-05-04
855,2021-05-05,33.7722,2,5,B,1.2561,9.2428,-17945.8991,2021-05-05
856,2021-05-06,26.0227,3,5,C,0.9839,8.9254,-17971.9218,2021-05-06
857,2021-05-07,31.4012,4,5,C,1.1876,10.2417,-18003.323,2021-05-07
858,2021-05-08,23.4789,5,-5,A,0.9084,10.069,-18026.8019,2021-05-08
859,2021-05-09,22.5989,6,-5,B,0.8848,10.7111,-18049.4008,2021-05-09
860,2021-05-10,31.4124,0,5,C,1.2248,13.5255,-18080.8132,2021-05-10
861,2021-05-11,30.5028,1,5,C,1.1879,12.2962,-18111.316,2021-05-11
862,2021-05-12,28.4341,2,5,A,1.1241,13.1801,-18139.7501,2021-05-12
863,2021-05-13,29.5471,3,5,B,1.2015,17.6308,-18169.2972,2021-05-13
864,2021-05-14,27.543,4,5,C,1.0918,11.93,-18196.8402,2021-05-14
865,2021-05-15,20.5724,5,-5,C,0.8405,11.8513,-18217.4126,2021-05-15
866,2021-05-16,22.4376,6,-5,A,0.9231,13.2451,-18239.8502,2021-05-16
867,2021-05-17,31.0364,0,5,B,1.2273,10.8398,-18270.8866,2021-05-17
868,2021-05-18,29.2557,1,5,C,1.1702,11.3051,-18300.1423,2021-05-18
869,2021-05-19,28.502,2,5,C,1.1423,10.6052,-18328.6443,2021-05-19
870,2021-05-20,23.0893,3,5,A,0.9288,8.4621,-18351.7336,2021-05-20
871,2021-05-21,25.4703,4,5,B,1.0473,11.6831,-18377.2039,2021-05-21
872,2021-05-22,19.5877,5,-5,C,0.8423,13.3323,-18396.7916,2021-05-22
873,2021-05-23,14.5696,6,-5,C,0.6313,10.1236,-18411.3612,2021-05-23
874,2021-05-24,32.9001,0,5,A,1.328,9.1498,-18444.2613,2021-05-24
875,2021-05-25,27.7885,1,5,B,1.1231,7.1571,-18472.0498,2021-05-25
876,2021-05-26,26.4503,2,5,C,1.1109,11.4907,-18498.5001,2021-05-26
877,2021-05-27,25.6553,3,5,C,1.0728,9.775,-18524.1554,2021-05-27
878,2021-05-28,27.4978,4,5,A,1.1583,10.7513,-18551.6532,2021-05-28
879,2021-05-29,19.1135,5,-5,B,0.8205,8.8508,-18570.7667,2021-05-29
880,2021-05-30,21.9159,6,-5,C,0.9539,11.1194,-18592.6826,2021-05-30
881,2021-05-31,27.4827,0,5,C,1.1686,9.595,-18620.1653,2021-05-31
882,2021-06-01,25.5768,1,5,B,1.0923,8.7217,-18645.7421,2021-06-01
883,2021-06-02,26.812,2,5,C,1.1679,11.1243,-18672.5541,2021-06-02
884,2021-06-03,27.6301,3,5,C,1.2116,11.5521,-18700.1842,2021-06-03
885,2021-06-04,25.8023,4,5,A,1.1548,12.7943,-18725.9865,2021-06-04
886,2021-06-05,20.5027,5,-5,B,0.8976,7.0204,-18746.4892,2021-06-05
887,2021-06-06,15.6548,6,-5,C,0.7608,13.97,-18762.144,2021-06-06
888,2021-06-07,28.3658,0,5,C,1.2981,14.5475,-18790.5098,2021-06-07
889,2021-06-08,29.4941,1,5,A,1.31,9.3099,-18820.0039,2021-06-08
890,2021-06-09,25.8402,2,5,B,1.1848,11.6539,-18845.8441,2021-06-09
891,2021-06-10,29.6546,3,5,C,1.342,10.1968,-18875.4987,2021-06-10
892,2021-06-11,26.2568,4,5,C,1.216,11.3318,-18901.7555,2021-06-11
893,2021-06-12,11.6127,5,-5,A,0.5695,8.2611,-18913.3682,2021-06-12
894,2021-06-13,15.5013,6,-5,B,0.8154,16.801,-18928.8695,2021-06-13
895,2021-06-14,26.9431,0,5,C,1.2881,13.2026,-18955.8126,2021-06-14
896,2021-06-15,25.1459,1,5,C,1.2156,12.8594,-18980.9585,2021-06-15
897,2021-06-16,24.3705,2,5,A,1.1854,12.315,-19005.329,2021-06-16
898,2021-06-17,26.318,3,5,B,1.235,7.1582,-19031.647,2021-06-17
899,2021-06-18,24.3942,4,5,C,1.1918,10.9373,-19056.0412,2021-06-18
900,2021-06-19,16.9986,5,-5,C,0.8397,7.9397,-19073.0398,2021-06-19
901,2021-06-20,12.138,6,-5,A,0.6412,9.7346,-19085.1778,2021-06-20
902,2021-06-21,24.5062,0,5,B,1.2026,8.5362,-19109.684,2021-06-21
903,2021-06-22,23.7713,1,5,C,1.2237,13.4768,-19133.4553,2021-06-22
904,2021-06-23,21.3904,2,5,C,1.0852,9.4768,-19154.8457,2021-06-23
905,2021-06-24,21.526,3,5,A,1.1101,10.5283,-19176.3717,2021-06-24
906,2021-06-25,27.3906,4,5,B,1.3992,10.779,-19203.7623,2021-06-25
907,2021-06-26,16.983,5,-5,C,0.9129,10.6939,-19220.7453,2021-06-26
908,2021-06-27,14.0309,6,-5,C,0.7845,11.3257,-19234.7762,2021-06-27
909,2021-06-28,24.0019,0,5,A,1.2429,8.0223,-19258.7781,2021-06-28
910,2021-06-29,25.8671,1,5,B,1.3501,8.5813,-19284.6452,2021-06-29
911,2021-06-30,22.8109,2,5,C,1.2137,8.8805,-19307.4561,2021-06-30
912,2021-07-01,23.8455,3,5,B,1.301,11.4333,-19331.3016,2021-07-01
913,2021-07-02,22.4423,4,5,C,1.27,14.246,-19353.7439,2021-07-02
914,2021-07-03,13.8658,5,-5,C,0.8052,10.1518,-19367.6097,2021-07-03
915,2021-07-04,14.498,6,-5,A,0.8588,11.5461,-19382.1077,2021-07-04
916,2021-07-05,23.6304,0,5,B,1.2971,7.6533,-19405.7381,2021-07-05
917,2021-07-06,19.4022,1,5,C,1.1288,11.4982,-19425.1403,2021-07-06
918,2021-07-07,18.313,2,5,C,1.0971,12.9635,-19443.4533,2021-07-07
919,2021-07-08,24.0563,3,5,A,1.3696,9.03,-19467.5096,2021-07-08
920,2021-07-09,23.6647,4,5,B,1.3913,11.8484,-19491.1743,2021-07-09
921,2021-07-10,16.2898,5,-5,C,0.9555,7.1392,-19507.4641,2021-07-10
922,2021-07-11,15.0913,6,-5,C,0.9392,10.8139,-19522.5554,2021-07-11
923,2021-07-12,21.0146,0,5,A,1.2714,10.6437,-19543.57,2021-07-12
924,2021-07-13,20.8986,1,5,B,1.3089,13.5257,-19564.4686,2021-07-13
925,2021-07-14,14.5967,2,5,C,0.9595,12.7256,-19579.0653,2021-07-14
926,2021-07-15,21.169,3,5,C,1.3194,10.9002,-19600.2343,2021-07-15
927,2021-07-16,23.096,4,5,A,1.4208,9.0498,-19623.3303,2021-07-16
928,2021-07-17,6.4389,5,-5,B,0.5136,12.3955,-19629.7692,2021-07-17
929,2021-07-18,12.2606,6,-5,C,0.8113,8.4589,-19642.0298,2021-07-18
930,2021-07-19,20.8524,0,5,C,1.3473,10.4777,-19662.8822,2021-07-19
931,2021-07-20,20.9026,1,5,A,1.3622,10.3824,-19683.7848,2021-07-20
932,2021-07-21,19.9106,2,5,B,1.3527,13.4399,-19703.6954,2021-07-21
933,2021-07-22,21.6603,3,5,C,1.4282,9.8378,-19725.3557,2021-07-22
934,2021-07-23,17.9638,4,5,C,1.2417,11.8899,-19743.3195,2021-07-23
935,2021-07-24,8.5517,5,-5,A,0.6609,10.8503,-19751.8712,2021-07-24
936,2021-07-25,6.5524,6,-5,B,0.5337,10.1053,-19758.4236,2021-07-25
937,2021-07-26,17.9222,0,5,C,1.2786,12.081,-19776.3458,2021-07-26
938,2021-07-27,15.4476,1,5,C,1.182,15.8405,-19791.7934,2021-07-27
939,2021-07-28,22.9661,2,5,A,1.619,11.4128,-19814.7595,2021-07-28
940,2021-07-29,11.6369,3,5,B,0.911,12.1457,-19826.3964,2021-07-29
941,2021-07-30,24.5712,4,5,C,1.7031,7.3299,-19850.9676,2021-07-30
942,2021-07-31,2.7803,5,-5,C,0.3423,12.006,-19853.7479,2021-07-31
943,2021-08-01,8.5922,6,-5,B,0.7315,11.8531,-19862.3401,2021-08-01
944,2021-08-02,16.5066,0,5,C,1.285,12.8084,-19878.8467,2021-08-02
945,2021-08-03,16.7823,1,5,C,1.2539,8.2023,-19895.629,2021-08-03
946,2021-08-04,15.9053,2,5,A,1.2032,7.9899,-19911.5343,2021-08-04
947,2021-08-05,16.4236,3,5,B,1.3403,14.412,-19927.9579,2021-08-05
948,2021-08-06,16.9352,4,5,C,1.3133,8.9737,-19944.8931,2021-08-06
949,2021-08-07,-0.2229,5,-5,C,0.1396,10.9691,-19944.6702,2021-08-07
950,2021-08-08,8.4709,6,-5,A,0.7405,9.4223,-19953.1411,2021-08-08
951,2021-08-09,18.2103,0,5,B,1.4623,10.1946,-19971.3514,2021-08-09
952,2021-08-10,19.8522,1,5,C,1.658,14.4171,-19991.2036,2021-08-10
953,2021-08-11,18.401,2,5,C,1.4808,8.5402,-20009.6046,2021-08-11
954,2021-08-12,14.5883,3,5,A,1.2803,13.1485,-20024.1929,2021-08-12
955,2021-08-13,17.6949,4,5,B,1.458,8.6259,-20041.8878,2021-08-13
956,2021-08-14,8.3329,5,-5,C,0.7797,9.7684,-20050.2207,2021-08-14
957,2021-08-15,9.9058,6,-5,C,0.9204,10.6071,-20060.1265,2021-08-15
958,2021-08-16,18.4191,0,5,A,1.6153,12.4463,-20078.5456,2021-08-16
959,2021-08-17,20.1057,1,5,B,1.7652,12.648,-20098.6513,2021-08-17
960,2021-08-18,15.5674,2,5,C,1.4052,11.4214,-20114.2187,2021-08-18
961,2021-08-19,15.0057,3,5,C,1.3952,12.7826,-20129.2244,2021-08-19
962,2021-08-20,22.0622,4,5,A,1.9785,13.0795,-20151.2866,2021-08-20
963,2021-08-21,4.4201,5,-5,B,0.5532,12.0882,-20155.7067,2021-08-21
964,2021-08-22,-0.5551,6,-5,C,0.0905,8.3171,-20155.1516,2021-08-22
965,2021-08-23,13.047,0,5,C,1.2608,11.3203,-20168.1986,2021-08-23
966,2021-08-24,15.6264,1,5,A,1.4608,9.795,-20183.825,2021-08-24
967,2021-08-25,11.3583,2,5,B,1.1209,10.0973,-20195.1833,2021-08-25
968,2021-08-26,14.4807,3,5,C,1.389,9.7868,-20209.664,2021-08-26
969,2021-08-27,12.0836,4,5,C,1.2556,13.2624,-20221.7476,2021-08-27
970,2021-08-28,3.3247,5,-5,A,0.4927,12.0546,-20225.0723,2021-08-28
971,2021-08-29,4.1681,6,-5,B,0.5311,9.8214,-20229.2404,2021-08-29
972,2021-08-30,16.7813,0,5,C,1.6504,10.6373,-20246.0217,2021-08-30
973,2021-08-31,18.6531,1,5,C,1.8044,9.3032,-20264.6748,2021-08-31
974,2021-09-01,12.2649,2,5,B,1.344,14.4943,-20276.9397,2021-09-01
975,2021-09-02,13.4283,3,5,C,1.4506,14.0938,-20290.368,2021-09-02
976,2021-09-03,14.893,4,5,C,1.5617,12.3594,-20305.261,2021-09-03
977,2021-09-04,2.4274,5,-5,A,0.4402,12.1655,-20307.6884,2021-09-04
978,2021-09-05,7.3541,6,-5,B,0.8442,9.5164,-20315.0425,2021-09-05
979,2021-09-06,19.6306,0,5,C,1.9757,9.4615,-20334.6731,2021-09-06
980,2021-09-07,12.1627,1,5,C,1.3817,13.9643,-20346.8358,2021-09-07
981,2021-09-08,18.0124,2,5,A,1.9364,14.0872,-20364.8482,2021-09-08
982,2021-09-09,13.2144,3,5,B,1.413,9.4701,-20378.0626,2021-09-09
983,2021-09-10,9.4413,4,5,C,1.1706,15.0194,-20387.5039,2021-09-10
984,2021-09-11,-2.3638,5,-5,C,-0.1017,6.4427,-20385.1401,2021-09-11
985,2021-09-12,4.9752,6,-5,A,0.6656,10.1241,-20390.1153,2021-09-12
986,2021-09-13,9.5009,0,5,B,1.1511,12.7152,-20399.6162,2021-09-13
987,2021-09-14,17.1709,1,5,C,1.8878,12.4337,-20416.7871,2021-09-14
988,2021-09-15,9.8826,2,5,C,1.1287,9.0826,-20426.6697,2021-09-15
989,2021-09-16,18.181,3,5,A,1.9825,11.399,-20444.8507,2021-09-16
990,2021-09-17,14.4608,4,5,B,1.6735,13.7041,-20459.3115,2021-09-17
991,2021-09-18,7.5493,5,-5,C,0.8818,7.4028,-20466.8608,2021-09-18
992,2021-09-19,-2.0318,6,-5,C,0.0191,11.1355,-20464.829,2021-09-19
993,2021-09-20,14.1681,0,5,A,1.6488,13.0055,-20478.9971,2021-09-20
994,2021-09-21,10.6979,1,5,B,1.283,11.5622,-20489.695,2021-09-21
995,2021-09-22,12.1909,2,5,C,1.4998,14.8854,-20501.8859,2021-09-22
996,2021-09-23,16.5028,3,5,C,1.8393,10.2678,-20518.3887,2021-09-23
997,2021-09-24,13.6508,4,5,A,1.5983,12.2002,-20532.0395,2021-09-24
998,2021-09-25,3.312,5,-5,B,0.4952,8.3218,-20535.3515,2021-09-25
999,2021-09-26,3.7245,6,-5,C,0.5966,11.3075,-20539.076,2021-09-26
1000,2021-09-27,14.7992,0,5,C,1.6977,11.0648,-20553.8752,2021-09-27
1001,2021-09-28,4.3628,1,5,A,0.6821,12.3278,-20558.238,2021-09-28
1002,2021-09-29,15.3941,2,5,B,1.8027,13.2045,-20573.6321,2021-09-29
1003,2021-09-30,10.0596,3,5,C,1.1918,9.2951,-20583.6917,2021-09-30
1004,2021-10-01,14.3032,4,5,B,1.7034,13.6534,-20597.9949,2021-10-01
1005,2021-10-02,1.9152,5,-5,C,0.3256,6.7054,-20599.9101,2021-10-02
1006,2021-10-03,3.9932,6,-5,C,0.623,11.2077,-20603.9033,2021-10-03
1007,2021-10-04,14.0756,0,5,A,1.6239,10.9425,-20617.9789,2021-10-04
1008,2021-10-05,9.3705,1,5,B,1.1934,12.9758,-20627.3494,2021-10-05
1009,2021-10-06,11.1971,2,5,C,1.3913,13.8641,-20638.5465,2021-10-06
1010,2021-10-07,9.1989,3,5,C,1.1802,13.3591,-20647.7454,2021-10-07
1011,2021-10-08,11.9459,4,5,A,1.5059,16.1526,-20659.6913,2021-10-08
1012,2021-10-09,5.382,5,-5,B,0.8245,14.7323,-20665.0733,2021-10-09
1013,2021-10-10,-1.0175,6,-5,C,0.1258,11.4572,-20664.0558,2021-10-10
1014,2021-10-11,14.6776,0,5,C,1.7074,13.3051,-20678.7334,2021-10-11
1015,2021-10-12,7.4084,1,5,A,0.9952,13.6496,-20686.1418,2021-10-12
1016,2021-10-13,18.4771,2,5,B,2.0222,10.9651,-20704.6189,2021-10-13
1017,2021-10-14,15.2747,3,5,C,1.7254,12.1316,-20719.8936,2021-10-14
1018,2021-10-15,8.8653,4,5,C,1.0374,9.0982,-20728.7589,2021-10-15
1019,2021-10-16,7.4792,5,-5,A,0.9618,12.34,-20736.2381,2021-10-16
1020,2021-10-17,1.7555,6,-5,B,0.4195,13.0109,-20737.9936,2021-10-17
1021,2021-10-18,13.7414,0,5,C,1.506,9.8912,-20751.735,2021-10-18
1022,2021-10-19,13.9738,1,5,C,1.5471,11.2742,-20765.7088,2021-10-19
1023,2021-10-20,17.2437,2,5,A,1.8221,9.8454,-20782.9525,2021-10-20
1024,2021-10-21,14.9342,3,5,B,1.586,9.3999,-20797.8867,2021-10-21
1025,2021-10-22,14.7809,4,5,C,1.5231,7.2867,-20812.6676,2021-10-22
1026,2021-10-23,8.2194,5,-5,C,0.9446,9.5531,-20820.887,2021-10-23
1027,2021-10-24,0.8587,6,-5,A,0.3189,12.911,-20821.7457,2021-10-24
1028,2021-10-25,12.7996,0,5,B,1.4039,12.2274,-20834.5453,2021-10-25
1029,2021-10-26,13.6232,1,5,C,1.4329,10.1885,-20848.1685,2021-10-26
1030,2021-10-27,10.0777,2,5,C,1.1189,11.1703,-20858.2462,2021-10-27
1031,2021-10-28,13.9529,3,5,A,1.5185,14.3619,-20872.1991,2021-10-28
1032,2021-10-29,15.212,4,5,B,1.5673,11.3893,-20887.4111,2021-10-29
1033,2021-10-30,7.1731,5,-5,C,0.8524,12.0455,-20894.5842,2021-10-30
1034,2021-10-31,2.3598,6,-5,C,0.4322,12.6738,-20896.944,2021-10-31
1035,2021-11-01,11.8581,0,5,B,1.2087,9.6826,-20908.8021,2021-11-01
1036,2021-11-02,19.6326,1,5,C,1.9259,12.5913,-20928.4347,2021-11-02
1037,2021-11-03,10.7827,2,5,C,1.1185,10.9268,-20939.2174,2021-11-03
1038,2021-11-04,8.6019,3,5,A,0.947,12.3344,-20947.8193,2021-11-04
1039,2021-11-05,15.8391,4,5,B,1.4849,8.3057,-20963.6584,2021-11-05
1040,2021-11-06,10.362,5,-5,C,1.031,9.4545,-20974.0204,2021-11-06
1041,2021-11-07,4.7227,6,-5,C,0.5993,12.3052,-20978.7431,2021-11-07
1042,2021-11-08,11.866,0,5,A,1.1771,11.8309,-20990.6091,2021-11-08
1043,2021-11-09,19.0263,1,5,B,1.6847,7.609,-21009.6354,2021-11-09
1044,2021-11-10,15.054,2,5,C,1.3669,8.8332,-21024.6894,2021-11-10
1045,2021-11-11,15.1332,3,5,C,1.4198,12.4814,-21039.8226,2021-11-11
1046,2021-11-12,16.9727,4,5,A,1.5271,10.8141,-21056.7953,2021-11-12
1047,2021-11-13,8.6465,5,-5,B,0.836,9.6282,-21065.4418,2021-11-13
1048,2021-11-14,8.9548,6,-5,C,0.8987,12.582,-21074.3966,2021-11-14
1049,2021-11-15,18.9492,0,5,C,1.6391,10.8427,-21093.3458,2021-11-15
1050,2021-11-16,9.9046,1,5,A,1.0081,16.0335,-21103.2504,2021-11-16
1051,2021-11-17,18.4051,2,5,B,1.5713,11.1256,-21121.6555,2021-11-17
1052,2021-11-18,18.1279,3,5,C,1.5282,10.6456,-21139.7834,2021-11-18
1053,2021-11-19,17.9315,4,5,C,1.4825,9.5503,-21157.7149,2021-11-19
1054,2021-11-20,10.5408,5,-5,A,0.9568,11.9439,-21168.2557,2021-11-20
1055,2021-11-21,2.3082,6,-5,B,0.3072,9.4203,-21170.5639,2021-11-21
1056,2021-11-22,14.0289,0,5,C,1.1458,8.8008,-21184.5928,2021-11-22
1057,2021-11-23,13.9403,1,5,C,1.1351,9.277,-21198.5331,2021-11-23
1058,2021-11-24,16.3422,2,5,A,1.301,9.7019,-21214.8753,2021-11-24
1059,2021-11-25,21.4567,3,5,B,1.6503,9.8251,-21236.332,2021-11-25
1060,2021-11-26,19.7003,4,5,C,1.6,16.1596,-21256.0323,2021-11-26
1061,2021-11-27,6.5332,5,-5,C,0.6156,11.8897,-21262.5655,2021-11-27
1062,2021-11-28,2.4226,6,-5,A,0.2961,9.5285,-21264.9881,2021-11-28
1063,2021-11-29,22.4129,0,5,B,1.6726,11.4217,-21287.401,2021-11-29
1064,2021-11-30,19.6598,1,5,C,1.4559,10.2588,-21307.0608,2021-11-30
1065,2021-12-01,20.2571,2,5,B,1.4927,11.1295,-21327.3179,2021-12-01
1066,2021-12-02,17.995,3,5,C,1.357,13.2403,-21345.3129,2021-12-02
1067,2021-12-03,17.2237,4,5,C,1.2759,11.8959,-21362.5366,2021-12-03
1068,2021-12-04,9.5022,5,-5,A,0.7616,11.5809,-21372.0388,2021-12-04
1069,2021-12-05,13.4562,6,-5,B,0.9545,7.5162,-21385.495,2021-12-05
1070,2021-12-06,14.643,0,5,C,1.0843,12.5935,-21400.138,2021-12-06
1071,2021-12-07,22.5697,1,5,C,1.584,13.7525,-21422.7077,2021-12-07
1072,2021-12-08,19.0145,2,5,A,1.3034,10.1317,-21441.7222,2021-12-08
1073,2021-12-09,16.4787,3,5,B,1.1215,9.0216,-21458.2009,2021-12-09
1074,2021-12-10,17.519,4,5,C,1.1581,7.7333,-21475.7199,2021-12-10
1075,2021-12-11,8.5437,5,-5,C,0.6534,11.5979,-21484.2636,2021-12-11
1076,2021-12-12,11.1567,6,-5,A,0.7618,8.1596,-21495.4203,2021-12-12
1077,2021-12-13,15.3414,0,5,B,1.0305,10.6328,-21510.7617,2021-12-13
1078,2021-12-14,19.2347,1,5,C,1.2312,9.1875,-21529.9964,2021-12-14
1079,2021-12-15,20.5695,2,5,C,1.3409,13.0115,-21550.5659,2021-12-15
1080,2021-12-16,17.7202,3,5,A,1.1199,9.0903,-21568.2861,2021-12-16
1081,2021-12-17,21.3413,4,5,B,1.3723,14.1497,-21589.6274,2021-12-17
1082,2021-12-18,6.5282,5,-5,C,0.4387,6.3604,-21596.1556,2021-12-18
1083,2021-12-19,12.4307,6,-5,C,0.8027,9.8811,-21608.5863,2021-12-19
1084,2021-12-20,18.6811,0,5,A,1.1496,10.7341,-21627.2674,2021-12-20
1085,2021-12-21,22.4422,1,5,B,1.3476,11.0079,-21649.7096,2021-12-21
1086,2021-12-22,24.8154,2,5,C,1.4818,12.6704,-21674.525,2021-12-22
1087,2021-12-23,18.8621,3,5,C,1.1388,11.7568,-21693.3871,2021-12-23
1088,2021-12-24,24.2852,4,5,A,1.3768,7.9836,-21717.6723,2021-12-24
1089,2021-12-25,4.0238,5,-5,B,0.351,13.173,-21721.6961,2021-12-25
1090,2021-12-26,10.1717,6,-5,C,0.6632,12.6077,-21731.8678,2021-12-26
1091,2021-12-27,21.5582,0,5,C,1.2416,12.0994,-21753.426,2021-12-27
1092,2021-12-28,21.4711,1,5,A,1.2269,12.1711,-21774.8971,2021-12-28
1093,2021-12-29,27.5309,2,5,B,1.4842,8.2065,-21802.428,2021-12-29
1094,2021-12-30,22.875,3,5,C,1.2682,11.3495,-21825.303,2021-12-30
